<materials>
	<!-- Metaitems (that only exist in the editor)-->
	<metaitem id="80"/>
	<metaitem id="81"/>
	<metaitem id="82"/>
	<metaitem id="83"/>
	<metaitem id="84"/>
	<metaitem id="85"/>
	<metaitem id="86"/>
	<metaitem id="87"/>
	<metaitem id="88"/> <!-- Steel rebar pole -->
	<metaitem id="89"/> <!-- Steel bar pole -->
	
	<!-- borders -->
	<include file="borders.xml"/>
	<!-- brushs -->
	<include file="brushs.xml"/>
	<!-- tilesets -->
	<include file="tilesets.xml"/>
</materials>
