<materials>
	<!-- Tilesets -->
	<include file="tilesets/addons_and_quest_items.xml"/>
	<include file="tilesets/animals.xml"/>
	<include file="tilesets/architecture.xml"/>
	<include file="tilesets/archway.xml"/>
	<include file="tilesets/banners.xml"/>
	<include file="tilesets/blank.xml"/>
	<include file="tilesets/boats.xml"/>
	<include file="tilesets/borders.xml"/>
	<include file="tilesets/bottom.xml"/>
	<include file="tilesets/bridges.xml"/>
	<include file="tilesets/common.xml"/>
	<include file="tilesets/constructions.xml"/>
	<include file="tilesets/containers.xml"/>
	<include file="tilesets/contest_prizes.xml"/>
	<include file="tilesets/corpses.xml"/>
	<include file="tilesets/creature_outfits.xml"/>
	<include file="tilesets/creature_products.xml"/>
	<include file="tilesets/crystals.xml"/>
	<include file="tilesets/decorations.xml"/>
	<include file="tilesets/depots.xml"/>
	<include file="tilesets/desert.xml"/>
	<include file="tilesets/dools.xml"/>
	<include file="tilesets/equipments_amulets.xml"/>
	<include file="tilesets/equipments_armors.xml"/>
	<include file="tilesets/equipments_boots.xml"/>
	<include file="tilesets/equipments_helmets.xml"/>
	<include file="tilesets/equipments_legs.xml"/>
	<include file="tilesets/equipments_rings.xml"/>
	<include file="tilesets/equipments_shields.xml"/>
	<include file="tilesets/exterior.xml"/>
	<include file="tilesets/festive_items.xml"/>
	<include file="tilesets/fields.xml"/>
	<include file="tilesets/fluid_containers.xml"/>
	<include file="tilesets/food.xml"/>
	<include file="tilesets/full_grounds.xml"/>
	<include file="tilesets/furniture.xml"/>
	<include file="tilesets/grass.xml"/>
	<include file="tilesets/grounds_ornamented.xml"/>
	<include file="tilesets/grounds_mountains.xml"/>
	<include file="tilesets/grounds_nature.xml"/>
	<include file="tilesets/grounds_tiny_borders.xml"/>
	<include file="tilesets/hangables.xml"/>
	<include file="tilesets/interior.xml"/>
	<include file="tilesets/kitchen.xml"/>
	<include file="tilesets/levers.xml"/>
	<include file="tilesets/magic_fields.xml"/>
	<include file="tilesets/magical_items.xml"/>
	<include file="tilesets/mountains.xml"/>
	<include file="tilesets/musical_instruments.xml"/>
	<include file="tilesets/natural_products.xml"/>
	<include file="tilesets/nature.xml"/>
	<include file="tilesets/nature_brushes.xml"/>
	<include file="tilesets/nature_flowers.xml"/>
	<include file="tilesets/nature_grass.xml"/>
	<include file="tilesets/nature_holes.xml"/>
	<include file="tilesets/nature_plants.xml"/>
	<include file="tilesets/nature_steppe_plants.xml"/>
	<include file="tilesets/nature_stones.xml"/>
	<include file="tilesets/nature_stones_crystals.xml"/>
	<include file="tilesets/nature_trees.xml"/>
	<include file="tilesets/nature_underground_plants.xml"/>
	<include file="tilesets/nature_tiny_borders.xml"/>
	<include file="tilesets/oldschool.xml"/>
	<include file="tilesets/pipes.xml"/>
	<include file="tilesets/plants_and_flowers.xml"/>
	<include file="tilesets/potions.xml"/>
	<include file="tilesets/quest_objects.xml"/>
	<include file="tilesets/raillings.xml"/>
	<include file="tilesets/refuse.xml"/>
	<include file="tilesets/remains.xml"/>
	<include file="tilesets/rocks.xml"/>
	<include file="tilesets/roofs.xml"/>
	<include file="tilesets/rubbish.xml"/>
	<include file="tilesets/runes.xml"/>
	<include file="tilesets/sea.xml"/>
	<include file="tilesets/signs.xml"/>
	<include file="tilesets/skulls_bones.xml"/>
	<include file="tilesets/snow.xml"/>
	<include file="tilesets/splash.xml"/>
	<include file="tilesets/stairs.xml"/>
	<include file="tilesets/statues.xml"/>
	<include file="tilesets/store.xml"/>
	<include file="tilesets/taming_items.xml"/>
	<include file="tilesets/teleports.xml"/>
	<include file="tilesets/tools.xml"/>
	<include file="tilesets/trash.xml"/>
	<include file="tilesets/trinkets.xml"/>
	<include file="tilesets/trophies.xml"/>
	<include file="tilesets/unknown.xml"/>
	<include file="tilesets/utilities.xml"/>
	<include file="tilesets/valuables.xml"/>
	<include file="tilesets/walls.xml"/>
	<include file="tilesets/weapons_ammo.xml"/>
	<include file="tilesets/weapons_axe.xml"/>
	<include file="tilesets/weapons_club.xml"/>
	<include file="tilesets/weapons_distance.xml"/>
	<include file="tilesets/weapons_replica.xml"/>
	<include file="tilesets/weapons_spellbook.xml"/>
	<include file="tilesets/weapons_sword.xml"/>
	<include file="tilesets/weapons_wand_and_rod.xml"/>
	<include file="tilesets/writeables.xml"/>
</materials>
