<materials>
	<brush name="stone wall" type="wall" server_lookid="1295">
		<wall type="horizontal">
			<item id="1295" chance="500"/>
			<item id="1297" chance="0"/> -- This needs to be here for backwards compability --
			<item id="1303" chance="0"/> -- This needs to be here for backwards compability --
			<door id="6251" type="normal" open="false"/>
			<door id="6252" type="normal" open="false"/>
			<door id="6253" type="normal" open="true"/>
			<door id="6256" type="locked" open="false"/>
			<door id="6257" type="locked" open="true"/>
			<door id="6260" type="quest" open="false"/>
			<door id="6261" type="quest" open="true"/>
			<door id="6264" type="magic" open="false"/>
			<door id="6265" type="magic" open="true"/>
			<door id="6443" type="hatch_window" open="false"/>
			<door id="6445" type="hatch_window" open="true"/>
			<door id="1738" type="window"/>
		</wall>
		<wall type="vertical">
			<item id="1294" chance="400"/>
			<item id="1299" chance="0"/> -- This needs to be here for backwards compability --
			<item id="1301" chance="0"/> -- This needs to be here for backwards compability --
			<door id="6248" type="normal" open="false"/>
			<door id="6249" type="normal" open="false"/>
			<door id="6250" type="normal" open="true"/>
			<door id="6254" type="locked" open="false"/>
			<door id="6255" type="locked" open="true"/>
			<door id="6258" type="quest" open="false"/>
			<door id="6259" type="quest" open="true"/>
			<door id="6262" type="magic" open="false"/>
			<door id="6263" type="magic" open="true"/>
			<door id="6444" type="hatch_window" open="false"/>
			<door id="6446" type="hatch_window" open="true"/>
			<door id="1739" type="window"/>
		</wall>
		<wall type="corner">
			<item id="1298" chance="1000"/>
			<item id="1300" chance="0"/> -- This needs to be here for backwards compability --
			<item id="1302" chance="0"/> -- This needs to be here for backwards compability --
			<item id="1304" chance="0"/> -- This needs to be here for backwards compability --
		</wall>
		<wall type="pole">
			<item id="1296" chance="1000"/>
		</wall>
	</brush>

	<brush name="broken wall" type="wall" server_lookid="6280" draggable="true" on_blocking="false" thickness="100/100">
		<alternate>
			<item id="6280" chance="10"/>
			<item id="6281" chance="10"/>
		</alternate>

	</brush>
	<brush name="broken wall 2" type="wall" server_lookid="6282" draggable="true" on_blocking="false" thickness="100/100">
		<alternate>
			<item id="6282" chance="10"/>
			<item id="6283" chance="10"/>
		</alternate>

	</brush>

	<brush name="framework wall" type="wall" server_lookid="1282">
		<wall type="horizontal">
			<item id="1282" chance="500"/>
			<item id="1284" chance="0"/> -- This needs to be here for backwards compability --
			<item id="1290" chance="0"/> -- This needs to be here for backwards compability --
			<item id="5151" chance="150"/>
			<item id="5152" chance="150"/>
			<door id="1634" type="archway" open="false"/>
			<door id="1635" type="archway" open="false"/>
			<door id="1631" type="normal" open="false"/>
			<door id="1632" type="normal" open="false"/>
			<door id="1633" type="normal" open="true"/>
			<door id="1640" type="locked" open="false"/>
			<door id="1641" type="locked" open="true"/>
			<door id="1644" type="quest" open="false"/>
			<door id="1645" type="quest" open="true"/>
			<door id="1648" type="magic" open="false"/>
			<door id="1649" type="magic" open="true"/>
			<door id="6435" type="hatch_window" open="false"/>
			<door id="6437" type="hatch_window" open="true"/>
			<door id="1734" type="window"/>
		</wall>
		<wall type="vertical">
			<item id="1281" chance="400"/>
			<item id="1286" chance="0"/> -- This needs to be here for backwards compability --
			<item id="1288" chance="0"/> -- This needs to be here for backwards compability --
			<item id="5153" chance="150"/>
			<item id="5154" chance="150"/>
			<door id="1636" type="archway" open="false"/>
			<door id="1637" type="archway" open="false"/>
			<door id="1629" type="normal" open="false"/>
			<door id="1628" type="normal" open="false"/>
			<door id="1630" type="normal" open="true"/>
			<door id="1638" type="locked" open="false"/>
			<door id="1639" type="locked" open="true"/>
			<door id="1642" type="quest" open="false"/>
			<door id="1643" type="quest" open="true"/>
			<door id="1646" type="magic" open="false"/>
			<door id="1647" type="magic" open="true"/>
			<door id="6436" type="hatch_window" open="false"/>
			<door id="6438" type="hatch_window" open="true"/>
			<door id="1735" type="window"/>
		</wall>
		<wall type="corner">
			<item id="1287" chance="1000"/>
			<item id="1285" chance="0"/> -- This needs to be here for backwards compability --
			<item id="1289" chance="0"/> -- This needs to be here for backwards compability --
			<item id="1291" chance="0"/> -- This needs to be here for backwards compability --
			<item id="1292" chance="0"/> -- This needs to be here for backwards compability --
			<item id="1293" chance="0"/> -- This needs to be here for backwards compability --
		</wall>
		<wall type="pole">
			<item id="1283" chance="1000"/>
		</wall>
	</brush>

	<brush name="damaged framework wall" type="wall" server_lookid="5145">
		<wall type="horizontal">
			<item id="5145" chance="500"/>
			<item id="5146" chance="500"/>
			<item id="5147" chance="500"/>
		</wall>
		<wall type="vertical">
			<item id="5148" chance="400"/>
			<item id="5149" chance="400"/>
			<item id="5150" chance="400"/>
		</wall>
		<wall type="pole">
			<alternate><item id="1283" chance="1000"/></alternate>
		</wall>

		<friend name="framework wall" redirect="true"/>
	</brush>

	<brush name="brick wall" type="wall" server_lookid="1271">
		<wall type="horizontal">
			<item id="1271" chance="1"/>
			<item id="1273" chance="0"/>
			<item id="1279" chance="0"/>
			<door id="1626" type="archway" open="false"/>
			<door id="1627" type="archway" open="false"/>
			<door id="5097" type="normal" open="false"/>
			<door id="5098" type="normal" open="false"/>
			<door id="5099" type="normal" open="true"/>
			<door id="5100" type="locked" open="false"/>
			<door id="5101" type="locked" open="true"/>
			<door id="5104" type="quest" open="false"/>
			<door id="5105" type="quest" open="true"/>
			<door id="5102" type="magic" open="false"/>
			<door id="5103" type="magic" open="true"/>
			<door id="6439" type="hatch_window" open="false"/>
			<door id="6441" type="hatch_window" open="true"/>
			<door id="1736" type="window"/>
		</wall>
		<wall type="vertical">
			<item id="1270" chance="1"/>
			<item id="1275" chance="0"/>
			<item id="1277" chance="0"/>
			<door id="1624" type="archway" open="false"/>
			<door id="1625" type="archway" open="false"/>
			<door id="5106" type="normal" open="false"/>
			<door id="5107" type="normal" open="false"/>
			<door id="5108" type="normal" open="true"/>
			<door id="5109" type="locked" open="false"/>
			<door id="5110" type="locked" open="true"/>
			<door id="5113" type="quest" open="false"/>
			<door id="5114" type="quest" open="true"/>
			<door id="5111" type="magic" open="false"/>
			<door id="5112" type="magic" open="true"/>
			<door id="6440" type="hatch_window" open="false"/>
			<door id="6442" type="hatch_window" open="true"/>
			<door id="1737" type="window"/>
		</wall>
		<wall type="corner">
			<item id="1274" chance="1"/>
			<item id="1276" chance="0"/> -- This needs to be here for backwards compability --
			<item id="1278" chance="0"/> -- This needs to be here for backwards compability --
			<item id="1280" chance="0"/> -- This needs to be here for backwards compability --
		</wall>
		<wall type="pole">
			<item id="1272" chance="1"/>
		</wall>
	</brush>

	<brush name="egypt wall" type="wall" server_lookid="1306">
		<wall type="horizontal">
			<item id="1306" chance="1"/>
			<item id="1308" chance="0"/>
			<item id="1314" chance="0"/>
			<door id="1653" type="normal" open="false"/>
			<door id="1654" type="normal" open="false"/>
			<door id="1655" type="normal" open="true"/>
			<door id="1658" type="locked" open="false"/>
			<door id="1659" type="locked" open="true"/>
			<door id="1662" type="quest" open="false"/>
			<door id="1663" type="quest" open="true"/>
			<door id="1666" type="magic" open="false"/>
			<door id="1667" type="magic" open="true"/>
			<door id="6453" type="hatch_window" open="false"/>
			<door id="6455" type="hatch_window" open="true"/>
			<door id="1744" type="window"/>
		</wall>
		<wall type="vertical">
			<item id="1305" chance="1"/>
			<item id="1310" chance="0"/>
			<item id="1312" chance="0"/>
			<door id="1650" type="normal" open="false"/>
			<door id="1651" type="normal" open="false"/>
			<door id="1652" type="normal" open="true"/>
			<door id="1656" type="locked" open="false"/>
			<door id="1657" type="locked" open="true"/>
			<door id="1660" type="quest" open="false"/>
			<door id="1661" type="quest" open="true"/>
			<door id="1664" type="magic" open="false"/>
			<door id="1665" type="magic" open="true"/>
			<door id="6454" type="hatch_window" open="false"/>
			<door id="6456" type="hatch_window" open="true"/>
			<door id="1745" type="window"/>
		</wall>
		<wall type="corner">
			<item id="1309" chance="1"/>
			<item id="1311" chance="0"/> -- This needs to be here for backwards compability --
			<item id="1313" chance="0"/> -- This needs to be here for backwards compability --
			<item id="1315" chance="0"/> -- This needs to be here for backwards compability --
		</wall>
		<wall type="pole">
			<item id="1307" chance="1"/>
		</wall>
	</brush>

	<brush name="egypt stone wall" type="wall" server_lookid="1346">
		<wall type="horizontal">
			<item id="1346" chance="1"/>
			<item id="1348" chance="0"/>
			<item id="1354" chance="0"/>
			<door id="6461" type="hatch_window" open="false"/>
			<door id="6463" type="hatch_window" open="true"/>
			<door id="1746" type="window"/>
		</wall>
		<wall type="vertical">
			<item id="1345" chance="1"/>
			<item id="1350" chance="0"/>
			<item id="1352" chance="0"/>
			<door id="6462" type="hatch_window" open="false"/>
			<door id="6464" type="hatch_window" open="true"/>
			<door id="1747" type="window"/>
		</wall>
		<wall type="corner">
			<item id="1349" chance="1"/>
			<item id="1351" chance="0"/> -- This needs to be here for backwards compability --
			<item id="1353" chance="0"/> -- This needs to be here for backwards compability --
			<item id="1355" chance="0"/> -- This needs to be here for backwards compability --
		</wall>
		<wall type="pole">
			<item id="1347" chance="1"/>
		</wall>

		<friend name="egypt wall" redirect="true"/> -- There can only be one redirection! --
	</brush>

	<brush name="ruin wall" type="wall" server_lookid="1451">
		<wall type="horizontal">
			<item id="1451" chance="1"/>
			<item id="1453" chance="0"/>
			<item id="1457" chance="0"/>

			<item id="1461" chance="0"/>
			<item id="1462" chance="0"/>
			<item id="1480" chance="0"/>
			<item id="1493" chance="0"/>
			<item id="1494" chance="0"/>
			<item id="1495" chance="0"/>
			<item id="1496" chance="0"/>
			<item id="1497" chance="0"/>
			<item id="1498" chance="0"/>
			<item id="1499" chance="0"/>
			<item id="1500" chance="0"/>
			<item id="1503" chance="0"/>
			<item id="1504" chance="0"/>
			<item id="1505" chance="0"/>
			<item id="1506" chance="0"/>
			<item id="1507" chance="0"/>
			<item id="1508" chance="0"/>
			<item id="1509" chance="0"/>
			<item id="1510" chance="0"/>
			<item id="1511" chance="0"/>

			<door id="5115" type="normal" open="false"/>
			<door id="5116" type="normal" open="false"/>
			<door id="5117" type="normal" open="true"/>
			<door id="5118" type="locked" open="false"/>
			<door id="5119" type="locked" open="true"/>
			<door id="5120" type="quest" open="false"/>
			<door id="5121" type="quest" open="true"/>
			<door id="5122" type="magic" open="false"/>
			<door id="5123" type="magic" open="true"/>
			<door id="1482" type="normal" open="false"/>
			<door id="1483" type="normal" open="true"/>
			<door id="5477" type="hatch window" open="false"/>
			<door id="5399" type="hatch window" open="true"/>
			<door id="1481" type="window"/>
		</wall>
		<wall type="vertical">
			<item id="1450" chance="1"/>
			<item id="1455" chance="0"/>
			<item id="5518" chance="0"/>

			<item id="1459" chance="0"/>
			<item id="1460" chance="0"/>
			<item id="1462" chance="0"/>
			<item id="1463" chance="0"/>
			<item id="1464" chance="0"/>
			<item id="1466" chance="0"/>
			<item id="1467" chance="0"/>
			<item id="1468" chance="0"/>
			<item id="1469" chance="0"/>
			<item id="1470" chance="0"/>
			<item id="1471" chance="0"/>
			<item id="1472" chance="0"/>
			<item id="1473" chance="0"/>
			<item id="1474" chance="0"/>
			<item id="1475" chance="0"/>
			<item id="1479" chance="0"/>
			<item id="1486" chance="0"/>
			<item id="1487" chance="0"/>
			<item id="1501" chance="0"/>
			<item id="1502" chance="0"/>

			<door id="5124" type="normal" open="false"/>
			<door id="5125" type="normal" open="false"/>
			<door id="5126" type="normal" open="true"/>
			<door id="5127" type="locked" open="false"/>
			<door id="5128" type="locked" open="true"/>
			<door id="5129" type="quest" open="false"/>
			<door id="5130" type="quest" open="true"/>
			<door id="5131" type="magic" open="false"/>
			<door id="5132" type="magic" open="true"/>
			<door id="5133" type="normal" open="false"/>
			<door id="5134" type="normal" open="true"/>
			<door id="5478" type="hatch window" open="false"/>
			<door id="5400" type="hatch window" open="true"/>
			<door id="1465" type="window"/>
		</wall>
		<wall type="corner">
			<item id="1454" chance="1"/>
			<item id="1456" chance="0"/> -- This needs to be here for backwards compability --
			<item id="1458" chance="0"/> -- This needs to be here for backwards compability --
			<item id="5519" chance="0"/> -- This needs to be here for backwards compability --
		</wall>
		<wall type="pole">
			<item id="1452" chance="1"/>
		</wall>

		<friend name="framework wall" redirect="true"/> -- There can only be one redirection! --
	</brush>

	<brush name="marble wall" type="wall" server_lookid="1357">
		<wall type="horizontal">
			<item id="1357" chance="4"/>

			<item id="1399" chance="0"/>
			<item id="1401" chance="0"/>

			<item id="1373" chance="0"/>
			<item id="1374" chance="0"/>
			<item id="1377" chance="0"/>
			<item id="1378" chance="0"/>
			<item id="1381" chance="0"/>
			<item id="1383" chance="0"/>
			<item id="1385" chance="0"/>
			<item id="1387" chance="0"/>
			<item id="1389" chance="0"/>
			<item id="1391" chance="0"/>
			<item id="1393" chance="0"/>
			<item id="1395" chance="0"/>
			<item id="1397" chance="0"/>
			<item id="1409" chance="0"/>
			<item id="1411" chance="0"/>
			<item id="1413" chance="0"/>

			<item id="1365" chance="0"/>
			<item id="1366" chance="0"/>
			<item id="1369" chance="0"/>
			<item id="1370" chance="0"/>

			<item id="1359" chance="0"/>
			<item id="1363" chance="0"/>

			<door id="1671" type="normal" open="false"/>
			<door id="1672" type="normal" open="false"/>
			<door id="1673" type="normal" open="true"/>
			<!--<door id="6199" type="locked" open="false"/>-->
			<!--<door id="6200" type="locked" open="true"/>-->
			<door id="1676" type="quest" open="false"/>
			<door id="1677" type="quest" open="true"/>
			<door id="1680" type="magic" open="false"/>
			<door id="1681" type="magic" open="true"/>
			<door id="5302" type="hatch_window" open="false"/>
			<door id="6447" type="hatch_window" open="true"/>
			<door id="1740" type="window"/>
			<door id="1742" type="window"/>
		</wall>
		<wall type="vertical">
			<item id="1356" chance="4"/>

			<item id="1400" chance="0"/>
			<item id="1402" chance="0"/>

			<item id="1375" chance="0"/>
			<item id="1376" chance="0"/>
			<item id="1379" chance="0"/>
			<item id="1380" chance="0"/>
			<item id="1382" chance="0"/>
			<item id="1384" chance="0"/>
			<item id="1386" chance="0"/>
			<item id="1388" chance="0"/>
			<item id="1390" chance="0"/>
			<item id="1392" chance="0"/>
			<item id="1394" chance="0"/>
			<item id="1396" chance="0"/>
			<item id="1398" chance="0"/>
			<item id="1412" chance="0"/>
			<item id="1414" chance="0"/>

			<item id="1367" chance="0"/>
			<item id="1368" chance="0"/>
			<item id="1371" chance="0"/>
			<item id="1372" chance="0"/>

			<item id="1361" chance="0"/>
			<item id="5009" chance="0"/>

			<door id="1668" type="normal" open="false"/>
			<door id="1669" type="normal" open="false"/>
			<door id="1670" type="normal" open="true"/>
			<!--<door id="6197" type="locked" open="false"/>-->
			<!--<door id="6198" type="locked" open="true"/>-->
			<door id="1674" type="quest" open="false"/>
			<door id="1675" type="quest" open="true"/>
			<door id="1678" type="magic" open="false"/>
			<door id="1679" type="magic" open="true"/>
			<door id="5303" type="hatch_window" open="false"/>
			<door id="6448" type="hatch_window" open="true"/>
			<door id="1741" type="window"/>
			<door id="1743" type="window"/>
		</wall>
		<wall type="corner">
			<item id="1360" chance="1"/>
			<item id="1362" chance="0"/>
			<item id="5010" chance="0"/> -- This needs to be here for backwards compability --
			<item id="1364" chance="0"/> -- This needs to be here for backwards compability --
		</wall>
		<wall type="pole">
			<item id="1358" chance="1"/>
		</wall>
	</brush>

	<brush name="rock wall" type="wall" server_lookid="1113">
		<wall type="horizontal">
			<item id="1113" chance="500"/>
			<item id="1115" chance="0"/> -- This needs to be here for backwards compability --
			<item id="1121" chance="0"/> -- This needs to be here for backwards compability --
		</wall>
		<wall type="vertical">
			<item id="1112" chance="400"/>
			<item id="1117" chance="0"/> -- This needs to be here for backwards compability --
			<item id="1119" chance="0"/> -- This needs to be here for backwards compability --
		</wall>
		<wall type="corner">
			<item id="1116" chance="1000"/>
			<item id="1118" chance="0"/> -- This needs to be here for backwards compability --
			<item id="1120" chance="0"/> -- This needs to be here for backwards compability --
			<item id="1122" chance="0"/> -- This needs to be here for backwards compability --
		</wall>
		<wall type="pole">
			<item id="1114" chance="1000"/>
		</wall>

		<friend id="plaster wall" redirect="true"/>
	</brush>

	<brush name="wooden wall" type="wall" server_lookid="6840">
		<wall type="horizontal">
			<item id="6840" chance="500"/>
			<item id="6842" chance="0"/> -- This needs to be here for backwards compability --
			<item id="6848" chance="0"/> -- This needs to be here for backwards compability --
			<door id="6882" type="archway" open="false"/>
			<door id="6884" type="archway" open="false"/>
			<door id="6891" type="normal" open="false"/>
			<door id="6892" type="normal" open="false"/>
			<door id="6893" type="normal" open="true"/>
			<door id="6894" type="locked" open="false"/>
			<door id="6895" type="locked" open="true"/>
			<door id="6898" type="quest" open="false"/>
			<door id="6899" type="quest" open="true"/>
			<door id="6896" type="magic" open="false"/>
			<door id="6897" type="magic" open="true"/>
			<door id="7027" type="hatch_window" open="false"/>
			<door id="7025" type="hatch_window" open="true"/>
			<door id="7025" type="window"/>
		</wall>
		<wall type="vertical">
			<item id="6839" chance="400"/>
			<item id="6844" chance="0"/> -- This needs to be here for backwards compability --
			<item id="6846" chance="0"/> -- This needs to be here for backwards compability --
			<item id="6846" chance="0"/> -- This needs to be here for backwards compability --
			<door id="6883" type="archway" open="false"/>
			<door id="6885" type="archway" open="false"/>
			<door id="6900" type="normal" open="false"/>
			<door id="6901" type="normal" open="false"/>
			<door id="6902" type="normal" open="true"/>
			<door id="6903" type="locked" open="false"/>
			<door id="6904" type="locked" open="true"/>
			<door id="6907" type="quest" open="false"/>
			<door id="6908" type="quest" open="true"/>
			<door id="6905" type="magic" open="false"/>
			<door id="6906" type="magic" open="true"/>
			<door id="7028" type="hatch_window" open="false"/>
			<door id="7026" type="hatch_window" open="true"/>
			<door id="7026" type="window"/>
		</wall>
		<wall type="corner">
			<item id="6843" chance="1000"/>
			<item id="6845" chance="0"/> -- This needs to be here for backwards compability --
			<item id="6847" chance="0"/> -- This needs to be here for backwards compability --
			<item id="6849" chance="0"/> -- This needs to be here for backwards compability --
		</wall>
		<wall type="pole">
			<item id="6841" chance="1000"/>
		</wall>
	</brush>

	<brush name="ornamented wooden wall" type="wall" server_lookid="6853">
		<wall type="horizontal">
			<item id="6853" chance="50"/>
		</wall>
		<wall type="vertical">
			<item id="6850" chance="50"/>
		</wall>
		<wall type="pole">
			<alternate><item id="6841" chance="1000"/></alternate>
		</wall>

		<friend name="wooden wall" redirect="true"/>
	</brush>

	<brush name="low stone-wooden wall" type="wall" server_lookid="6858">
		<wall type="horizontal">
			<item id="6858" chance="500"/>
			<item id="6860" chance="0"/> -- This needs to be here for backwards compability --
			<item id="6866" chance="0"/> -- This needs to be here for backwards compability --
		</wall>
		<wall type="vertical">
			<item id="6857" chance="400"/>
			<item id="6862" chance="0"/> -- This needs to be here for backwards compability --
			<item id="6864" chance="0"/> -- This needs to be here for backwards compability --
		</wall>
		<wall type="corner">
			<item id="6861" chance="1000"/>
			<item id="6863" chance="0"/> -- This needs to be here for backwards compability --
			<item id="6865" chance="0"/> -- This needs to be here for backwards compability --
			<item id="6867" chance="0"/> -- This needs to be here for backwards compability --
		</wall>
		<wall type="pole">
			<alternate><item id="6841" chance="1000"/></alternate>
		</wall>

		<friend name="wooden wall" redirect="true"/>
		<friend name="ornamented wooden wall"/>
	</brush>

	<brush name="ornamented low stone-wooden wall" type="wall" server_lookid="6854">
		<wall type="horizontal">
			<item id="6854" chance="500"/>
		</wall>
		<wall type="vertical">
			<item id="6851" chance="400"/>
		</wall>
		<wall type="pole">
			<alternate><item id="6841" chance="1000"/></alternate>
		</wall>

		<friend name="wooden wall"/>
		<friend name="low stone-wooden wall" redirect="true"/>
		<friend name="ornamented wooden wall"/>
	</brush>

	<brush name="high stone-wooden wall" type="wall" server_lookid="6859">
		<wall type="horizontal">
			<item id="6859" chance="500"/>
		</wall>
		<wall type="vertical">
			<item id="6856" chance="400"/>
		</wall>
		<wall type="pole">
			<alternate><item id="6841" chance="1000"/></alternate>
		</wall>

		<friend name="wooden wall"/>
		<friend name="low stone-wooden wall" redirect="true"/>
		<friend name="ornamented wooden wall"/>
		<friend name="ornamented low stone-wooden wall"/>
	</brush>

	<brush name="ornamented high stone-wooden wall" type="wall" server_lookid="6855">
		<wall type="horizontal">
			<item id="6855" chance="500"/>
		</wall>
		<wall type="vertical">
			<item id="6852" chance="400"/>
		</wall>
		<wall type="pole">
			<alternate><item id="6841" chance="1000"/></alternate>
		</wall>

		<friend name="wooden wall"/>
		<friend name="low stone-wooden wall"/>
		<friend name="ornamented wooden wall"/>
		<friend name="ornamented low stone-wooden wall" redirect="true"/>
		<friend name="high stone-wooden wall"/>
	</brush>

	<brush name="wood wall" type="wall" server_lookid="6135">
		<wall type="horizontal">
			<item id="6139" chance="4"/>
			<item id="6135" chance="1"/>
			<item id="6151" chance="0"/>
			<item id="6147" chance="0"/>
			<item id="6133" chance="0"/>
			<item id="6145" chance="0"/>
			<door id="6194" type="normal" open="false"/>
			<door id="6195" type="normal" open="false"/>
			<door id="6196" type="normal" open="true"/>
			<door id="6199" type="locked" open="false"/>
			<door id="6200" type="locked" open="true"/>
			<door id="6203" type="quest" open="false"/>
			<door id="6204" type="quest" open="true"/>
			<door id="6207" type="magic" open="false"/>
			<door id="6208" type="magic" open="true"/>
			<door id="6449" type="hatch_window" open="false"/>
			<door id="6451" type="hatch_window" open="true"/>
			<door id="6177" type="window"/>
		</wall>
		<wall type="vertical">
			<item id="6141" chance="4"/>
			<item id="6132" chance="1"/>
			<item id="6148" chance="0"/>
			<item id="6150" chance="0"/>
			<item id="6143" chance="0"/>
			<door id="6191" type="normal" open="false"/>
			<door id="6192" type="normal" open="false"/>
			<door id="6193" type="normal" open="true"/>
			<door id="6197" type="locked" open="false"/>
			<door id="6198" type="locked" open="true"/>
			<door id="6201" type="quest" open="false"/>
			<door id="6202" type="quest" open="true"/>
			<door id="6205" type="magic" open="false"/>
			<door id="6206" type="magic" open="true"/>
			<door id="6450" type="hatch_window" open="false"/>
			<door id="6452" type="hatch_window" open="true"/>
			<door id="6178" type="window"/>
		</wall>
		<wall type="corner">
			<item id="6140" chance="1"/>
			<item id="6149" chance="0"/>
			<item id="6142" chance="0"/> -- This needs to be here for backwards compability --
			<item id="6144" chance="0"/> -- This needs to be here for backwards compability --
			<item id="6146" chance="0"/> -- This needs to be here for backwards compability --
		</wall>
		<wall type="pole">
			<item id="6138" chance="1"/>
			<item id="6134" chance="0"/>
		</wall>
	</brush>

	<brush name="plant wall" type="wall" server_lookid="6238">
		<wall type="horizontal">
			<item id="6238" chance="1"/>
			<item id="6240" chance="0"/>
			<item id="6246" chance="0"/>
			<door id="6235" type="archway" open="false"/>
			<door id="6233" type="any door" open="false"/>
			<door id="6235" type="any window" open="false"/>
		</wall>
		<wall type="vertical">
			<item id="6237" chance="1"/>
			<item id="6242" chance="0"/>
			<item id="6244" chance="0"/>
			<door id="6236" type="archway" open="false"/>
			<door id="6234" type="any door" open="false"/>
			<door id="6236" type="any window" open="false"/>
		</wall>
		<wall type="corner">
			<item id="6241" chance="1"/>
			<item id="6243" chance="0"/> -- This needs to be here for backwards compability --
			<item id="6245" chance="0"/> -- This needs to be here for backwards compability --
			<item id="6247" chance="0"/> -- This needs to be here for backwards compability --
		</wall>
		<wall type="pole">
			<item id="6239" chance="1"/>
		</wall>
	</brush>
	
	<brush name="plant wall2" type="wall" server_lookid="5557">
		<wall type="horizontal">
			<item id="5557" chance="1"/>
		</wall>
		<wall type="vertical">
			<item id="5556" chance="1"/>
		</wall>
		<wall type="corner">
			<item id="5558" chance="1"/>
		</wall>
		<wall type="pole">
			<item id="5559" chance="1"/>
		</wall>
	</brush>

	<brush name="brick wall arch" type="doodad" server_lookid="1627" draggable="true" on_blocking="true" redo_borders="true" thickness="100/100">
		<alternate>
			<composite chance="10">
				<tile x="0" y="0" z="0">  <item id="1626" chance="10"/> </tile>
				<tile x="1" y="0" z="0">  <item id="1627" chance="10"/> </tile>
			</composite>
		</alternate>
		<alternate>
			<composite chance="10">
				<tile x="0" y="0" z="0">  <item id="1624" chance="10"/> </tile>
				<tile x="0" y="1" z="0">  <item id="1625" chance="10"/> </tile>
			</composite>
		</alternate>
	</brush>

	<brush name="plaster wall arch" type="doodad" server_lookid="1635" draggable="true" on_blocking="true" redo_borders="true" thickness="100/100">
		<alternate>
			<composite chance="10">
				<tile x="0" y="0" z="0">  <item id="1634" chance="10"/> </tile>
				<tile x="1" y="0" z="0">  <item id="1635" chance="10"/> </tile>
			</composite>
		</alternate>
		<alternate>
			<composite chance="10">
				<tile x="0" y="0" z="0">  <item id="1636" chance="10"/> </tile>
				<tile x="0" y="1" z="0">  <item id="1637" chance="10"/> </tile>
			</composite>
		</alternate>
	</brush>

	<brush name="croft wall" type="wall" server_lookid="5264">
		<wall type="horizontal">
			<item id="5269" chance="5"/>
			<item id="5271" chance="1"/>
			<item id="5272" chance="1"/>
			<item id="5261" chance="0"/> -- This needs to be here for backwards compability --
			<item id="5261" chance="0"/> -- This needs to be here for backwards compability --
			<item id="5263" chance="0"/> -- This needs to be here for backwards compability --
			<door id="5277" type="normal" open="false"/> --
			<door id="5278" type="normal" open="false"/> --
			<door id="5279" type="normal" open="true"/> --
			<door id="5285" type="locked" open="false"/> --
			<door id="5286" type="locked" open="true"/> --
			<door id="5289" type="quest" open="false"/>
			<door id="5290" type="quest" open="true"/>
			<door id="5293" type="magic" open="false"/>
			<door id="5294" type="magic" open="true"/>
			<door id="6469" type="hatch_window" open="false"/>
			<door id="6471" type="hatch_window" open="true"/>
			<door id="5275" type="window"/>
		</wall>
		<wall type="vertical">
			<item id="5267" chance="5"/>
			<item id="5273" chance="1"/>
			<item id="5274" chance="1"/>
			<door id="5280" type="normal" open="false"/>
			<door id="5281" type="normal" open="false"/>
			<door id="5282" type="normal" open="true"/>
			<door id="5283" type="locked" open="false"/>
			<door id="5284" type="locked" open="true"/>
			<door id="5287" type="quest" open="false"/>
			<door id="5288" type="quest" open="true"/>
			<door id="5291" type="magic" open="false"/>
			<door id="5292" type="magic" open="true"/>
			<door id="6470" type="hatch_window" open="false"/>
			<door id="6472" type="hatch_window" open="true"/>
			<door id="5276" type="window"/>
		</wall>
		<wall type="corner">
			<item id="5264" chance="10"/>
			<item id="5266" chance="0"/> -- This needs to be here for backwards compability --
			<item id="5268" chance="0"/> -- This needs to be here for backwards compability --
			<item id="5270" chance="0"/> -- This needs to be here for backwards compability --
		</wall>
		<wall type="pole">
			<item id="5262" chance="10"/>
		</wall>
	</brush>

	<brush name="bridge" type="wall" server_lookid="2253">
		<wall type="horizontal">
			<item id="2253" chance="1"/>
		</wall>
		<wall type="vertical">
			<item id="2254" chance="1"/>
		</wall>
	</brush>
	
	<brush name="alabaster wall" type="wall" server_lookid="7646">
		<wall type="horizontal">
			<item id="7646" chance="1"/>
			<item id="7648" chance="0"/>
			<item id="7654" chance="0"/>
			<door id="7714" type="normal" open="false"/>
			<door id="7715" type="normal" open="false"/>
			<door id="7716" type="normal" open="true"/>
			<door id="7719" type="locked" open="false"/>
			<door id="7720" type="locked" open="true"/>
			<door id="7723" type="quest" open="false"/>
			<door id="7724" type="quest" open="true"/>
			<door id="7727" type="magic" open="false"/>
			<door id="7728" type="magic" open="true"/>
		</wall>
		<wall type="vertical">
			<item id="7645" chance="1"/>
			<item id="7650" chance="0"/>
			<item id="7652" chance="0"/>
			<door id="7711" type="normal" open="false"/>
			<door id="7712" type="normal" open="false"/>
			<door id="7713" type="normal" open="true"/>
			<door id="7717" type="locked" open="false"/>
			<door id="7718" type="locked" open="true"/>
			<door id="7721" type="quest" open="false"/>
			<door id="7722" type="quest" open="true"/>
			<door id="7725" type="magic" open="false"/>
			<door id="7726" type="magic" open="true"/>
		</wall>
		<wall type="corner">
			<item id="7649" chance="1"/>
			<item id="7651" chance="0"/>
			<item id="7653" chance="0"/>
			<item id="7655" chance="0"/>
		</wall>
		<wall type="pole">
			<item id="7647" chance="1"/>
		</wall>
	</brush>
	
	<brush name="stone wall2" type="wall" server_lookid="1547">
		<wall type="horizontal">
			<item id="1547" chance="1"/>
			<door id="1560" type="window"/>
		</wall>
		<wall type="vertical">
			<item id="1549" chance="1"/>
			<door id="1556" type="window"/>
		</wall>
		<wall type="corner">
			<item id="1550" chance="1"/>
		</wall>
		<wall type="pole">
			<item id="1551" chance="1"/>
		</wall>
	</brush>
	
	<brush name="metal wall" type="wall" server_lookid="1335">
		<wall type="horizontal">
			<item id="1335" chance="1"/>
		</wall>
		<wall type="vertical">
			<item id="1334" chance="1"/>
		</wall>
		<wall type="corner">
			<item id="1338" chance="1"/>
		</wall>
		<wall type="pole">
			<item id="1336" chance="1"/>
		</wall>
	</brush>
	
	<brush name="paravent" type="wall" server_lookid="1416">
		<wall type="horizontal">
			<item id="1416" chance="1"/>
		</wall>
		<wall type="vertical">
			<item id="1415" chance="1"/>
		</wall>
		<wall type="corner">
			<item id="1418" chance="1"/>
		</wall>
		<wall type="pole">
			<item id="1417" chance="1"/>
		</wall>
	</brush>
	
	<brush name="lava wall" type="wall" server_lookid="1442">
		<wall type="horizontal">
			<item id="1442" chance="1"/>
		</wall>
		<wall type="vertical">
			<item id="1441" chance="1"/>
		</wall>
		<wall type="corner">
			<item id="1445" chance="1"/>
		</wall>
		<wall type="pole">
			<item id="1443" chance="1"/>
		</wall>
	</brush>
	
	<brush name="bamboo wall" type="wall" server_lookid="1513">
		<wall type="horizontal">
			<item id="1513" chance="1"/>
			<door id="1682" type="normal" open="false"/>
			<door id="1683" type="normal" open="false"/>
			<door id="1684" type="normal" open="true"/>
			<door id="1685" type="locked" open="false"/>
			<door id="1686" type="locked" open="true"/>
			<door id="1687" type="quest" open="false"/>
			<door id="1688" type="quest" open="true"/>
			<door id="1689" type="magic" open="false"/>
			<door id="1690" type="magic" open="true"/>
			<door id="6457" type="hatch_window" open="false"/>
			<door id="6459" type="hatch_window" open="true"/>
			<door id="1538" type="window"/>
		</wall>
		<wall type="vertical">
			<item id="1512" chance="1"/>
			<door id="1691" type="normal" open="false"/>
			<door id="1692" type="normal" open="false"/>
			<door id="1693" type="normal" open="true"/>
			<door id="1694" type="locked" open="false"/>
			<door id="1695" type="locked" open="true"/>
			<door id="1696" type="quest" open="false"/>
			<door id="1697" type="quest" open="true"/>
			<door id="1698" type="magic" open="false"/>
			<door id="1699" type="magic" open="true"/>
			<door id="6458" type="hatch_window" open="false"/>
			<door id="6460" type="hatch_window" open="true"/>
			<door id="1541" type="window"/>
		</wall>
		<wall type="corner">
			<item id="1516" chance="1"/>
		</wall>
		<wall type="pole">
			<item id="1514" chance="1"/>
		</wall>
	</brush>
	
	<brush name="grass wall" type="wall" server_lookid="1586">
		<wall type="horizontal">
			<item id="1586" chance="10"/>
			<item id="1587" chance="10"/>
			<door id="1588" type="window"/>
		</wall>
		<wall type="vertical">
			<item id="1589" chance="10"/>
			<item id="1590" chance="10"/>
			<door id="1591" type="window"/>
		</wall>
		<wall type="corner">
			<item id="1592" chance="1"/>
		</wall>
		<wall type="pole">
			<item id="1585" chance="1"/>
		</wall>
	</brush>
	
	<brush name="palisade" type="wall" server_lookid="1598">
		<wall type="horizontal">
			<item id="1598" chance="1"/>
		</wall>
		<wall type="vertical">
			<item id="1606" chance="1"/>
		</wall>
		<wall type="corner">
			<item id="1619" chance="1"/>
		</wall>
		<wall type="pole">
			<item id="1600" chance="1"/>
		</wall>
	</brush>
	
	<brush name="bone wall" type="wall" server_lookid="6395">
		<wall type="horizontal">
			<item id="6395" chance="10"/>
			<item id="6420" chance="10"/>
			<door id="6413" type="window"/>
		</wall>
		<wall type="vertical">
			<item id="6394" chance="10"/>
			<item id="6419" chance="10"/>
			<door id="6414" type="window"/>
		</wall>
		<wall type="corner">
			<item id="6398" chance="1"/>
		</wall>
		<wall type="pole">
			<item id="6396" chance="1"/>
		</wall>
	</brush>
	
	<brush name="frozen wall" type="wall" server_lookid="6740">
		<wall type="horizontal">
			<item id="6740" chance="1"/>
			<door id="7033" type="normal" open="false"/>
			<door id="7034" type="normal" open="false"/>
			<door id="7035" type="normal" open="true"/>
			<door id="7036" type="locked" open="false"/>
			<door id="7037" type="locked" open="true"/>
			<door id="7038" type="quest" open="false"/>
			<door id="7039" type="quest" open="true"/>
			<door id="7040" type="magic" open="false"/>
			<door id="7041" type="magic" open="true"/>
			<door id="7051" type="hatch_window" open="false"/>
			<door id="7029" type="hatch_window" open="true"/>
		</wall>
		<wall type="vertical">
			<item id="6739" chance="1"/>
			<door id="7042" type="normal" open="false"/>
			<door id="7043" type="normal" open="false"/>
			<door id="7044" type="normal" open="true"/>
			<door id="7045" type="locked" open="false"/>
			<door id="7046" type="locked" open="true"/>
			<door id="7047" type="quest" open="false"/>
			<door id="7048" type="quest" open="true"/>
			<door id="7049" type="magic" open="false"/>
			<door id="7050" type="magic" open="true"/>
			<door id="7052" type="hatch_window" open="false"/>
			<door id="7030" type="hatch_window" open="true"/>
		</wall>
		<wall type="corner">
			<item id="6743" chance="1"/>
		</wall>
		<wall type="pole">
			<item id="6741" chance="1"/>
		</wall>
	</brush>
	
	<brush name="fur wall" type="wall" server_lookid="6774">
		<wall type="horizontal">
			<item id="6774" chance="10"/>
			<item id="6786" chance="2"/>
			<door id="6795" type="normal" open="false"/>
			<door id="6799" type="normal" open="false"/>
			<door id="6796" type="normal" open="true"/>
			<door id="7056" type="locked" open="false"/>
			<door id="7057" type="locked" open="true"/>
			<door id="6788" type="hatch_window" open="false"/>
			<door id="6790" type="hatch_window" open="true"/>
		</wall>
		<wall type="vertical">
			<item id="6773" chance="10"/>
			<item id="6784" chance="2"/>
			<door id="6797" type="normal" open="false"/>
			<door id="6801" type="normal" open="false"/>
			<door id="6798" type="normal" open="true"/>
			<door id="7054" type="locked" open="false"/>
			<door id="7055" type="locked" open="true"/>
			<door id="6789" type="hatch_window" open="false"/>
			<door id="6791" type="hatch_window" open="true"/>
		</wall>
		<wall type="corner">
			<item id="6777" chance="1"/>
		</wall>
		<wall type="pole">
			<item id="6775" chance="1"/>
		</wall>
	</brush>
	
	<brush name="stone wall3" type="wall" server_lookid="8202">
		<wall type="horizontal">
			<item id="8202" chance="1"/>
			<door id="8252" type="normal" open="false"/>
			<door id="8253" type="normal" open="false"/>
			<door id="8254" type="normal" open="true"/>
			<door id="8257" type="locked" open="false"/>
			<door id="8258" type="locked" open="true"/>
			<door id="8265" type="quest" open="false"/>
			<door id="8266" type="quest" open="true"/>
			<door id="8261" type="magic" open="false"/>
			<door id="8262" type="magic" open="true"/>
			<door id="8273" type="window"/>
		</wall>
		<wall type="vertical">
			<item id="8201" chance="1"/>
			<door id="8249" type="normal" open="false"/>
			<door id="8250" type="normal" open="false"/>
			<door id="8251" type="normal" open="true"/>
			<door id="8255" type="locked" open="false"/>
			<door id="8256" type="locked" open="true"/>
			<door id="8263" type="quest" open="false"/>
			<door id="8264" type="quest" open="true"/>
			<door id="8259" type="magic" open="false"/>
			<door id="8260" type="magic" open="true"/>
			<door id="8274" type="window"/>
		</wall>
		<wall type="corner">
			<item id="8205" chance="1"/>
		</wall>
		<wall type="pole">
			<item id="8203" chance="1"/>
		</wall>
	</brush>
	
	<brush name="iron wall" type="wall" server_lookid="8294">
		<wall type="horizontal">
			<item id="8294" chance="10"/>
			<item id="8295" chance="5"/>
			<item id="8296" chance="5"/>
			<item id="8307" chance="2"/>
			<door id="8354" type="normal" open="false"/>
			<door id="8355" type="normal" open="false"/>
			<door id="8356" type="normal" open="true"/>
			<door id="8359" type="locked" open="false"/>
			<door id="8360" type="locked" open="true"/>
			<door id="8367" type="quest" open="false"/>
			<door id="8368" type="quest" open="true"/>
			<door id="8363" type="magic" open="false"/>
			<door id="8364" type="magic" open="true"/>
		</wall>
		<wall type="vertical">
			<item id="8291" chance="10"/>
			<item id="8292" chance="5"/>
			<item id="8293" chance="5"/>
			<item id="8306" chance="2"/>
			<door id="8351" type="normal" open="false"/>
			<door id="8352" type="normal" open="false"/>
			<door id="8353" type="normal" open="true"/>
			<door id="8357" type="locked" open="false"/>
			<door id="8358" type="locked" open="true"/>
			<door id="8365" type="quest" open="false"/>
			<door id="8366" type="quest" open="true"/>
			<door id="8361" type="magic" open="false"/>
			<door id="8362" type="magic" open="true"/>
		</wall>
		<wall type="corner">
			<item id="8299" chance="1"/>
		</wall>
		<wall type="pole">
			<item id="8297" chance="1"/>
		</wall>
	</brush>
	
	<brush name="stone wall4" type="wall" server_lookid="8454">
		<wall type="horizontal">
			<item id="8454" chance="1"/>
			<door id="8467" type="hatch_window" open="false"/>
			<door id="8466" type="window"/>
		</wall>
		<wall type="vertical">
			<item id="8455" chance="1"/>
			<door id="8470" type="hatch_window" open="false"/>
			<door id="8469" type="window"/>
		</wall>
		<wall type="corner">
			<item id="8458" chance="1"/>
		</wall>
		<wall type="pole">
			<item id="8456" chance="1"/>
		</wall>
	</brush>
	
	<brush name="limestone wall" type="wall" server_lookid="9260">
		<wall type="horizontal">
			<item id="9260" chance="1"/>
			<door id="9551" type="normal" open="false"/>
			<door id="9552" type="normal" open="false"/>
			<door id="9553" type="normal" open="true"/>
			<door id="9554" type="locked" open="false"/>
			<door id="9555" type="locked" open="true"/>
			<door id="9556" type="quest" open="false"/>
			<door id="9557" type="quest" open="true"/>
			<door id="9558" type="magic" open="false"/>
			<door id="9559" type="magic" open="true"/>
			<door id="9571" type="hatch_window" open="false"/>
			<door id="9573" type="hatch_window" open="true"/>
			<door id="9569" type="window"/>
		</wall>
		<wall type="vertical">
			<item id="9259" chance="1"/>
			<door id="9560" type="normal" open="false"/>
			<door id="9561" type="normal" open="false"/>
			<door id="9562" type="normal" open="true"/>
			<door id="9563" type="locked" open="false"/>
			<door id="9564" type="locked" open="true"/>
			<door id="9565" type="quest" open="false"/>
			<door id="9566" type="quest" open="true"/>
			<door id="9567" type="magic" open="false"/>
			<door id="9568" type="magic" open="true"/>
			<door id="9572" type="hatch_window" open="false"/>
			<door id="9574" type="hatch_window" open="true"/>
			<door id="9570" type="window"/>
		</wall>
		<wall type="corner">
			<item id="9263" chance="1"/>
		</wall>
		<wall type="pole">
			<item id="9261" chance="1"/>
		</wall>
	</brush>
	
	<brush name="limestone wall" type="wall" server_lookid="9260">
		<wall type="horizontal">
			<item id="9260" chance="1"/>
			<door id="9551" type="normal" open="false"/>
			<door id="9552" type="normal" open="false"/>
			<door id="9553" type="normal" open="true"/>
			<door id="9554" type="locked" open="false"/>
			<door id="9555" type="locked" open="true"/>
			<door id="9556" type="quest" open="false"/>
			<door id="9557" type="quest" open="true"/>
			<door id="9558" type="magic" open="false"/>
			<door id="9559" type="magic" open="true"/>
			<door id="9571" type="hatch_window" open="false"/>
			<door id="9573" type="hatch_window" open="true"/>
			<door id="9569" type="window"/>
		</wall>
		<wall type="vertical">
			<item id="9259" chance="1"/>
			<door id="9560" type="normal" open="false"/>
			<door id="9561" type="normal" open="false"/>
			<door id="9562" type="normal" open="true"/>
			<door id="9563" type="locked" open="false"/>
			<door id="9564" type="locked" open="true"/>
			<door id="9565" type="quest" open="false"/>
			<door id="9566" type="quest" open="true"/>
			<door id="9567" type="magic" open="false"/>
			<door id="9568" type="magic" open="true"/>
			<door id="9572" type="hatch_window" open="false"/>
			<door id="9574" type="hatch_window" open="true"/>
			<door id="9570" type="window"/>
		</wall>
		<wall type="corner">
			<item id="9263" chance="1"/>
		</wall>
		<wall type="pole">
			<item id="9261" chance="1"/>
		</wall>
	</brush>
	
	<brush name="dark framework wall" type="wall" server_lookid="9310">
		<wall type="horizontal">
			<item id="9310" chance="10"/>
			<item id="9328" chance="6"/>
			<item id="9329" chance="2"/>
			<door id="9354" type="normal" open="false"/>
			<door id="9355" type="normal" open="false"/>
			<door id="9356" type="normal" open="true"/>
			<door id="9359" type="locked" open="false"/>
			<door id="9360" type="locked" open="true"/>
			<door id="9367" type="quest" open="false"/>
			<door id="9368" type="quest" open="true"/>
			<door id="9363" type="magic" open="false"/>
			<door id="9364" type="magic" open="true"/>
			<door id="9347" type="hatch_window" open="false"/>
			<door id="9349" type="hatch_window" open="true"/>
			<door id="9345" type="window"/>
		</wall>
		<wall type="vertical">
			<item id="9309" chance="10"/>
			<item id="9330" chance="6"/>
			<item id="9331" chance="2"/>
			<door id="9351" type="normal" open="false"/>
			<door id="9352" type="normal" open="false"/>
			<door id="9353" type="normal" open="true"/>
			<door id="9357" type="locked" open="false"/>
			<door id="9358" type="locked" open="true"/>
			<door id="9365" type="quest" open="false"/>
			<door id="9366" type="quest" open="true"/>
			<door id="9361" type="magic" open="false"/>
			<door id="9362" type="magic" open="true"/>
			<door id="9348" type="hatch_window" open="false"/>
			<door id="9350" type="hatch_window" open="true"/>
			<door id="9346" type="window"/>
		</wall>
		<wall type="corner">
			<item id="9313" chance="1"/>
		</wall>
		<wall type="pole">
			<item id="9311" chance="1"/>
		</wall>
	</brush>
	
	<brush name="stone wall5" type="wall" server_lookid="9333">
		<wall type="horizontal">
			<item id="9333" chance="1"/>
		</wall>
		<wall type="vertical">
			<item id="9332" chance="1"/>
		</wall>
		<wall type="corner">
			<item id="9336" chance="1"/>
		</wall>
		<wall type="pole">
			<item id="9334" chance="1"/>
		</wall>
	</brush>
	
	<brush name="blue palisade" type="wall" server_lookid="11556">
		<wall type="horizontal">
			<item id="11556" chance="10"/>
			<item id="11555" chance="4"/>
		</wall>
		<wall type="vertical">
			<item id="11564" chance="10"/>
			<item id="11563" chance="4"/>
		</wall>
		<wall type="corner">
			<item id="11578" chance="1"/>
		</wall>
		<wall type="pole">
			<item id="11558" chance="1"/>
		</wall>
	</brush>
	
	<brush name="stone" type="wall" server_lookid="11974">
		<wall type="horizontal">
			<item id="11974" chance="1"/>
			<door id="15687" type="locked" open="false"/>
			<door id="15688" type="locked" open="true"/>
			<door id="11991" type="window"/>
		</wall>
		<wall type="vertical">
			<item id="11976" chance="1"/>
			<door id="11990" type="window"/>
		</wall>
		<wall type="corner">
			<item id="11975" chance="1"/>
		</wall>
		<wall type="pole">
			<item id="11973" chance="1"/>
		</wall>
	</brush>
	
	<brush name="timber wall" type="wall" server_lookid="10589">
		<wall type="horizontal">
			<item id="10589" chance="1"/>
			<door id="11714" type="normal" open="false"/>
			<door id="11716" type="normal" open="true"/>
			<door id="12035" type="locked" open="false"/>
			<door id="12036" type="locked" open="true"/>
			<door id="11335" type="window"/>
		</wall>
		<wall type="vertical">
			<item id="10591" chance="1"/>
			<door id="11705" type="normal" open="false"/>
			<door id="11708" type="normal" open="true"/>
			<door id="12033" type="locked" open="false"/>
			<door id="12034" type="locked" open="true"/>
			<door id="11346" type="window"/>
		</wall>
		<wall type="corner">
			<item id="10590" chance="1"/>
		</wall>
		<wall type="pole">
			<item id="10588" chance="1"/>
		</wall>
	</brush>
	
	<brush name="light desert wall" type="wall" server_lookid="11860">
		<wall type="horizontal">
			<item id="11860" chance="1"/>
		</wall>
		<wall type="vertical">
			<item id="11859" chance="1"/>
		</wall>
		<wall type="corner">
			<item id="11898" chance="1"/>
		</wall>
		<wall type="pole">
			<item id="12156" chance="1"/>
		</wall>
	</brush>
	
	<brush name="dark desert wall" type="wall" server_lookid="11903">
		<wall type="horizontal">
			<item id="11903" chance="1"/>
		</wall>
		<wall type="vertical">
			<item id="11902" chance="1"/>
		</wall>
		<wall type="corner">
			<item id="11921" chance="1"/>
		</wall>
		<wall type="pole">
			<item id="12157" chance="1"/>
		</wall>
	</brush>
	
	<brush name="rocky wall" type="wall" server_lookid="12388">
		<wall type="horizontal">
			<item id="12388" chance="1"/>
		</wall>
		<wall type="vertical">
			<item id="12387" chance="1"/>
		</wall>
		<wall type="corner">
			<item id="12391" chance="1"/>
		</wall>
		<wall type="pole">
			<item id="12389" chance="1"/>
		</wall>
	</brush>
	
	<brush name="glass wall" type="wall" server_lookid="14159">
		<wall type="horizontal">
			<item id="14159" chance="1"/>
		</wall>
		<wall type="vertical">
			<item id="14160" chance="1"/>
		</wall>
		<wall type="corner">
			<item id="14158" chance="1"/>
		</wall>
		<wall type="pole">
			<item id="14161" chance="1"/>
		</wall>
	</brush>
	
	<brush name="icy bones" type="wall" server_lookid="15722">
		<wall type="horizontal">
			<item id="15722" chance="10"/>
			<item id="15723" chance="2"/>
			<door id="15734" type="window"/>
		</wall>
		<wall type="vertical">
			<item id="15719" chance="10"/>
			<item id="15720" chance="2"/>
			<door id="15735" type="window"/>
		</wall>
		<wall type="corner">
			<item id="15727" chance="1"/>
		</wall>
		<wall type="pole">
			<item id="15725" chance="1"/>
		</wall>
	</brush>
	
	<brush name="muddy stone wall" type="wall" server_lookid="16334">
		<wall type="horizontal">
			<item id="16334" chance="1"/>
		</wall>
		<wall type="vertical">
			<item id="16333" chance="1"/>
		</wall>
		<wall type="corner">
			<item id="16337" chance="1"/>
		</wall>
		<wall type="pole">
			<item id="16335" chance="1"/>
		</wall>
	</brush>
	
	<brush name="muddy stone wall2" type="wall" server_lookid="16351">
		<wall type="horizontal">
			<item id="16351" chance="1"/>
		</wall>
		<wall type="vertical">
			<item id="16350" chance="1"/>
		</wall>
		<wall type="corner">
			<item id="16354" chance="1"/>
		</wall>
		<wall type="pole">
			<item id="16352" chance="1"/>
		</wall>
	</brush>
	
	<brush name="brown stone wall" type="wall" server_lookid="17053">
		<wall type="horizontal">
			<item id="17053" chance="1"/>
		</wall>
		<wall type="vertical">
			<item id="17052" chance="1"/>
		</wall>
		<wall type="corner">
			<item id="17056" chance="1"/>
		</wall>
		<wall type="pole">
			<item id="17054" chance="1"/>
		</wall>
	</brush>
	
	<brush name="red stone wall" type="wall" server_lookid="17064">
		<wall type="horizontal">
			<item id="17064" chance="1"/>
		</wall>
		<wall type="vertical">
			<item id="17063" chance="1"/>
		</wall>
		<wall type="corner">
			<item id="17067" chance="1"/>
		</wall>
		<wall type="pole">
			<item id="17065" chance="1"/>
		</wall>
	</brush>
	
	<brush name="ornate wall" type="wall" server_lookid="17075">
		<wall type="horizontal">
			<item id="17075" chance="1"/>
		</wall>
		<wall type="vertical">
			<item id="17074" chance="1"/>
		</wall>
		<wall type="corner">
			<item id="17078" chance="1"/>
		</wall>
		<wall type="pole">
			<item id="17076" chance="1"/>
		</wall>
	</brush>
	
	<brush name="ornate wall2" type="wall" server_lookid="17086">
		<wall type="horizontal">
			<item id="17086" chance="1"/>
		</wall>
		<wall type="vertical">
			<item id="17085" chance="1"/>
		</wall>
		<wall type="corner">
			<item id="17089" chance="1"/>
		</wall>
		<wall type="pole">
			<item id="17087" chance="1"/>
		</wall>
	</brush>
	
	<brush name="venore wall" type="wall" server_lookid="17130">
		<wall type="horizontal">
			<item id="17130" chance="1"/>
			<door id="17560" type="normal" open="false"/>
			<door id="17561" type="normal" open="false"/>
			<door id="17562" type="normal" open="true"/>
			<door id="17563" type="locked" open="false"/>
			<door id="17564" type="locked" open="true"/>
			<door id="17565" type="quest" open="false"/>
			<door id="17566" type="quest" open="true"/>
			<door id="17567" type="magic" open="false"/>
			<door id="17568" type="magic" open="true"/>
			<door id="17694" type="hatch_window" open="false"/>
			<door id="17902" type="hatch_window" open="true"/>
			<door id="17164" type="window"/>
		</wall>
		<wall type="vertical">
			<item id="17125" chance="1"/>
			<door id="17569" type="normal" open="false"/>
			<door id="17570" type="normal" open="false"/>
			<door id="17571" type="normal" open="true"/>
			<door id="17572" type="locked" open="false"/>
			<door id="17573" type="locked" open="true"/>
			<door id="17574" type="quest" open="false"/>
			<door id="17575" type="quest" open="true"/>
			<door id="17576" type="magic" open="false"/>
			<door id="17577" type="magic" open="true"/>
			<door id="17695" type="hatch_window" open="false"/>
			<door id="17905" type="hatch_window" open="true"/>
			<door id="17166" type="window"/>
		</wall>
		<wall type="corner">
			<item id="17100" chance="1"/>
		</wall>
		<wall type="pole">
			<item id="17098" chance="1"/>
		</wall>
	</brush>
	
	<brush name="venore brick wall" type="wall" server_lookid="17205">
		<wall type="horizontal">
			<item id="17205" chance="1"/>
			<door id="17700" type="normal" open="false"/>
			<door id="17701" type="normal" open="false"/>
			<door id="17702" type="normal" open="true"/>
			<door id="17703" type="locked" open="false"/>
			<door id="17704" type="locked" open="true"/>
			<door id="17705" type="quest" open="false"/>
			<door id="17706" type="quest" open="true"/>
			<door id="17707" type="magic" open="false"/>
			<door id="17708" type="magic" open="true"/>
			<door id="17529" type="window"/>
		</wall>
		<wall type="vertical">
			<item id="17201" chance="1"/>
			<door id="17709" type="normal" open="false"/>
			<door id="17710" type="normal" open="false"/>
			<door id="17711" type="normal" open="true"/>
			<door id="17712" type="locked" open="false"/>
			<door id="17713" type="locked" open="true"/>
			<door id="17714" type="quest" open="false"/>
			<door id="17715" type="quest" open="true"/>
			<door id="17716" type="magic" open="false"/>
			<door id="17717" type="magic" open="true"/>
			<door id="17528" type="window"/>
		</wall>
		<wall type="corner">
			<item id="17215" chance="1"/>
		</wall>
	</brush>
	
	<brush name="roshamuul wall" type="wall" server_lookid="19456">
		<wall type="horizontal">
			<item id="19456" chance="1"/>
			<door id="19462" type="window"/>
		</wall>
		<wall type="vertical">
			<item id="19453" chance="1"/>
			<door id="19461" type="window"/>
		</wall>
		<wall type="corner">
			<item id="19457" chance="1"/>
		</wall>
		<wall type="pole">
			<item id="19449" chance="1"/>
		</wall>
	</brush>
	
	<brush name="oramond wall" type="wall" server_lookid="20397">
		<wall type="horizontal">
			<item id="20397" chance="10"/>
			<item id="20394" chance="2"/>
			<door id="20443" type="normal" open="false"/>
			<door id="20444" type="locked" open="false"/>
			<door id="20442" type="window"/>
		</wall>
		<wall type="vertical">
			<item id="20398" chance="10"/>
			<item id="20392" chance="2"/>
			<door id="20452" type="normal" open="false"/>
			<door id="20453" type="locked" open="false"/>
			<door id="20441" type="window"/>
		</wall>
		<wall type="corner">
			<item id="20399" chance="1"/>
		</wall>
		<wall type="pole">
			<item id="20396" chance="1"/>
		</wall>
	</brush>
	
	<brush name="oramond wall2" type="wall" server_lookid="20576">
		<wall type="horizontal">
			<item id="20576" chance="10"/>
			<item id="20577" chance="2"/>
		</wall>
		<wall type="vertical">
			<item id="20570" chance="10"/>
			<item id="20571" chance="2"/>
		</wall>
		<wall type="corner">
			<item id="20585" chance="1"/>
		</wall>
		<wall type="pole">
			<item id="20623" chance="1"/>
		</wall>
	</brush>
	
	<brush name="oramond wall3" type="wall" server_lookid="21224">
		<wall type="horizontal">
			<item id="21224" chance="10"/>
			<item id="21225" chance="2"/>
		</wall>
		<wall type="vertical">
			<item id="21229" chance="10"/>
			<item id="21230" chance="2"/>
		</wall>
		<wall type="corner">
			<item id="21226" chance="1"/>
		</wall>
		<wall type="pole">
			<item id="21233" chance="1"/>
		</wall>
	</brush>
	
	<brush name="zaoan wall2" type="wall" server_lookid="9734">
		<wall type="horizontal">
			<item id="9734" chance="1"/>
			<door id="10147" type="window"/>
			<door id="10148" type="hatch_window" open="true"/>
		</wall>
		<wall type="vertical">
			<item id="9733" chance="1"/>
			<door id="10153" type="window"/>
			<door id="10154" type="hatch_window" open="true"/>
		</wall>
		<wall type="corner">
			<item id="9737" chance="1"/>
		</wall>
		<wall type="pole">
			<item id="10284" chance="1"/>
		</wall>
	</brush>
	
	<brush name="zaoan wall1" type="wall" server_lookid="9749">
		<wall type="horizontal">
			<item id="9749" chance="1"/>
			<door id="10152" type="hatch_window" open="false"/>
			<door id="10151" type="window"/>
		</wall>
		<wall type="vertical">
			<item id="9745" chance="1"/>
			<door id="10158" type="hatch_window" open="false"/>
			<door id="10157" type="window"/>
		</wall>
		<wall type="corner">
			<item id="9741" chance="1"/>
		</wall>
		<wall type="pole">
			<item id="9735" chance="1"/>
		</wall>
	</brush>
	
	<brush name="zaoan wall3" type="wall" server_lookid="9746">
		<wall type="horizontal">
			<item id="9746" chance="1"/>
			<door id="9858" type="normal" open="false"/>
			<door id="9859" type="normal" open="false"/>
			<door id="9860" type="normal" open="true"/>
			<door id="9863" type="quest" open="false"/>
			<door id="9864" type="quest" open="true"/>
			<door id="9865" type="magic" open="false"/>
			<door id="9866" type="magic" open="true"/>
			<door id="10150" type="hatch_window" open="false"/>
			<door id="10149" type="window"/>
		</wall>
		<wall type="vertical">
			<item id="9744" chance="1"/>
			<door id="9867" type="normal" open="false"/>
			<door id="9868" type="normal" open="false"/>
			<door id="9869" type="normal" open="true"/>
			<door id="9872" type="quest" open="false"/>
			<door id="9873" type="quest" open="true"/>
			<door id="9874" type="magic" open="false"/>
			<door id="9875" type="magic" open="true"/>
			<door id="10156" type="hatch_window" open="false"/>
			<door id="10155" type="window"/>
		</wall>
		<wall type="corner">
			<item id="9750" chance="1"/>
		</wall>
		<wall type="pole">
			<item id="10285" chance="1"/>
		</wall>
	</brush>
	
	<brush name="zaoan wall4" type="wall" server_lookid="15928">
		<wall type="horizontal">
			<item id="15928" chance="1"/>
			<door id="16000" type="hatch_window" open="false"/>
			<door id="15999" type="window"/>
		</wall>
		<wall type="vertical">
			<item id="15936" chance="1"/>
			<door id="16006" type="hatch_window" open="false"/>
			<door id="16005" type="window"/>
		</wall>
		<wall type="corner">
			<item id="15932" chance="1"/>
		</wall>
		<wall type="pole">
			<item id="15922" chance="1"/>
		</wall>
	</brush>
	
	<brush name="zaoan wall5" type="wall" server_lookid="15926">
		<wall type="horizontal">
			<item id="15926" chance="1"/>
			<door id="15996" type="hatch_window" open="false"/>
			<door id="15995" type="window"/>
		</wall>
		<wall type="vertical">
			<item id="15942" chance="1"/>
			<door id="16002" type="hatch_window" open="false"/>
			<door id="16001" type="window"/>
		</wall>
		<wall type="corner">
			<item id="15930" chance="1"/>
		</wall>
		<wall type="pole">
			<item id="15923" chance="1"/>
		</wall>
	</brush>
	
	<brush name="zaoan wall6" type="wall" server_lookid="15927">
		<wall type="horizontal">
			<item id="15927" chance="1"/>
			<door id="15998" type="hatch_window" open="false"/>
			<door id="15997" type="window"/>
		</wall>
		<wall type="vertical">
			<item id="15943" chance="1"/>
			<door id="16004" type="hatch_window" open="false"/>
			<door id="16003" type="window"/>
		</wall>
		<wall type="corner">
			<item id="15931" chance="1"/>
		</wall>
		<wall type="pole">
			<item id="15924" chance="1"/>
		</wall>
	</brush>
	
	<brush name="zaoan wall7" type="wall" server_lookid="16021">
		<wall type="horizontal">
			<item id="16021" chance="1"/>
			<door id="16055" type="hatch_window" open="false"/>
			<door id="16054" type="window"/>
		</wall>
		<wall type="vertical">
			<item id="16010" chance="1"/>
			<door id="16061" type="hatch_window" open="false"/>
			<door id="16060" type="window"/>
		</wall>
		<wall type="corner">
			<item id="16025" chance="1"/>
		</wall>
		<wall type="pole">
			<item id="16015" chance="1"/>
		</wall>
	</brush>
	
	<brush name="zaoan wall8" type="wall" server_lookid="16013">
		<wall type="horizontal">
			<item id="16013" chance="1"/>
			<door id="16053" type="hatch_window" open="false"/>
			<door id="16052" type="window"/>
		</wall>
		<wall type="vertical">
			<item id="16009" chance="1"/>
			<door id="16059" type="hatch_window" open="false"/>
			<door id="16058" type="window"/>
		</wall>
		<wall type="corner">
			<item id="16024" chance="1"/>
		</wall>
		<wall type="pole">
			<item id="16016" chance="1"/>
		</wall>
	</brush>
	
	<brush name="zaoan wall9" type="wall" server_lookid="16019">
		<wall type="horizontal">
			<item id="16019" chance="1"/>
			<door id="16051" type="hatch_window" open="false"/>
			<door id="16050" type="window"/>
		</wall>
		<wall type="vertical">
			<item id="16008" chance="1"/>
			<door id="16057" type="hatch_window" open="false"/>
			<door id="16056" type="window"/>
		</wall>
		<wall type="corner">
			<item id="16023" chance="1"/>
		</wall>
		<wall type="pole">
			<item id="16017" chance="1"/>
		</wall>
	</brush>
	
	<brush name="corrupted wall1" type="wall" server_lookid="10878">
		<wall type="horizontal">
			<item id="10878" chance="10"/>
			<item id="10891" chance="4"/>
			<item id="10892" chance="6"/>
			<item id="10893" chance="2"/>
			<door id="11136" type="normal" open="false"/>
			<door id="11137" type="normal" open="false"/>
			<door id="11138" type="normal" open="true"/>
			<door id="11139" type="quest" open="false"/>
			<door id="11140" type="quest" open="true"/>
			<door id="11141" type="magic" open="false"/>
			<door id="11142" type="magic" open="true"/>
			<door id="10952" type="window"/>
		</wall>
		<wall type="vertical">
			<item id="10877" chance="10"/>
			<item id="10894" chance="4"/>
			<item id="10895" chance="6"/>
			<item id="10896" chance="2"/>
			<door id="11143" type="normal" open="false"/>
			<door id="11144" type="normal" open="false"/>
			<door id="11145" type="normal" open="true"/>
			<door id="11146" type="quest" open="false"/>
			<door id="11147" type="quest" open="true"/>
			<door id="11148" type="magic" open="false"/>
			<door id="11149" type="magic" open="true"/>
			<door id="10953" type="window"/>
		</wall>
		<wall type="corner">
			<item id="10881" chance="1"/>
		</wall>
		<wall type="pole">
			<item id="10879" chance="1"/>
		</wall>
	</brush>
	
	<brush name="corrupted wall2" type="wall" server_lookid="10982">
		<wall type="horizontal">
			<item id="10982" chance="1"/>
			<door id="11232" type="normal" open="false"/>
			<door id="11233" type="normal" open="false"/>
			<door id="11234" type="normal" open="true"/>
			<door id="11239" type="locked" open="false"/>
			<door id="11240" type="locked" open="true"/>
			<door id="11237" type="quest" open="false"/>
			<door id="11238" type="quest" open="true"/>
			<door id="11272" type="window"/>
		</wall>
		<wall type="vertical">
			<item id="10981" chance="1"/>
			<door id="11930" type="normal" open="false"/>
			<door id="11931" type="normal" open="false"/>
			<door id="11932" type="normal" open="true"/>
			<door id="11248" type="locked" open="false"/>
			<door id="11249" type="locked" open="true"/>
			<door id="11246" type="quest" open="false"/>
			<door id="11247" type="quest" open="true"/>
			<door id="10992" type="window"/>
		</wall>
		<wall type="corner">
			<item id="10985" chance="1"/>
		</wall>
		<wall type="pole">
			<item id="10983" chance="1"/>
		</wall>
	</brush>
	
	<brush name="dark stone wall" type="wall" server_lookid="22545">
		<wall type="horizontal">
			<item id="22545" chance="10"/>
			<item id="22547" chance="10"/>
			<door id="22627" type="normal" open="false"/>
			<door id="22628" type="normal" open="false"/>
			<door id="22629" type="normal" open="true"/>
			<door id="22630" type="quest" open="false"/>
			<door id="22631" type="quest" open="true"/>
		</wall>
		<wall type="vertical">
			<item id="22544" chance="10"/>
			<item id="22549" chance="10"/>
			<door id="22634" type="normal" open="false"/>
			<door id="22635" type="normal" open="false"/>
			<door id="22636" type="normal" open="true"/>
			<door id="22637" type="quest" open="false"/>
			<door id="22638" type="quest" open="true"/>
		</wall>
		<wall type="corner">
			<item id="22548" chance="1"/>
		</wall>
		<wall type="pole">
			<item id="22546" chance="1"/>
		</wall>
	</brush>
	
	<brush name="dark block wall" type="wall" server_lookid="28338">
		<wall type="horizontal">
			<item id="28338" chance="10"/>
			<door id="28364" type="normal" open="false"/>
			<door id="28368" type="normal" open="true"/>
		</wall>
		<wall type="vertical">
			<item id="28341" chance="10"/>
			<door id="28366" type="normal" open="false"/>
			<door id="28369" type="normal" open="true"/>
		</wall>
		<wall type="corner">
			<item id="28344" chance="1"/>
		</wall>
		<wall type="pole">
			<item id="28347" chance="1"/>
		</wall>
	</brush>
	
	<brush name="white stone wall" type="wall" server_lookid="33098">
		<wall type="horizontal">
			<item id="33098" chance="10"/>
			<door id="33121" type="normal" open="true"/>
		</wall>
		<wall type="vertical">
			<item id="33097" chance="10"/>
			<door id="33122" type="normal" open="true"/>
		</wall>
		<wall type="corner">
			<item id="33099" chance="1"/>
		</wall>
		<wall type="pole">
			<item id="33100" chance="1"/>
		</wall>
	</brush>
	
	<brush name="cracked wall" type="wall" server_lookid="33156">
		<wall type="horizontal">
			<item id="33154" chance="10"/>
			<item id="33155" chance="10"/>
			<item id="33156" chance="10"/>
			<item id="33157" chance="10"/>
			<item id="33158" chance="10"/>
			<item id="33159" chance="10"/>
			<door id="33170" type="normal" open="true"/>
		</wall>
		<wall type="vertical">
			<item id="33160" chance="10"/>
			<item id="33161" chance="10"/>
			<item id="33162" chance="10"/>
			<item id="33163" chance="10"/>
			<item id="33164" chance="10"/>
			<item id="33165" chance="10"/>
			<door id="33171" type="normal" open="true"/>
		</wall>
		<wall type="corner">
			<item id="33166" chance="1"/>
			<item id="33167" chance="1"/>
			<item id="33168" chance="1"/>
		</wall>
		<wall type="pole">
			<item id="33169" chance="1"/>
		</wall>
	</brush>
	
	<brush name="messy wall" type="wall" server_lookid="33183">
		<wall type="horizontal">
			<item id="33183" chance="10"/>
			<item id="33184" chance="10"/>
			<item id="33185" chance="10"/>
			<item id="33186" chance="10"/>
			<item id="33187" chance="10"/>
			<item id="33188" chance="10"/>
			<door id="33199" type="normal" open="true"/>
		</wall>
		<wall type="vertical">
			<item id="33189" chance="10"/>
			<item id="33190" chance="10"/>
			<item id="33191" chance="10"/>
			<item id="33192" chance="10"/>
			<item id="33193" chance="10"/>
			<item id="33194" chance="10"/>
			<door id="33200" type="normal" open="true"/>
		</wall>
		<wall type="corner">
			<item id="33195" chance="1"/>
			<item id="33196" chance="1"/>
			<item id="33197" chance="1"/>
		</wall>
		<wall type="pole">
			<item id="33198" chance="1"/>
		</wall>
		<friend name="cracked wall" redirect="true"/>
	</brush>
	
	<brush name="hands wall" type="wall" server_lookid="33217">
		<wall type="horizontal">
			<item id="33212" chance="10"/>
			<item id="33213" chance="10"/>
			<item id="33214" chance="10"/>
			<item id="33215" chance="10"/>
			<item id="33216" chance="10"/>
			<item id="33217" chance="10"/>
			<door id="33228" type="normal" open="true"/>
		</wall>
		<wall type="vertical">
			<item id="33218" chance="10"/>
			<item id="33219" chance="10"/>
			<item id="33220" chance="10"/>
			<item id="33221" chance="10"/>
			<item id="33222" chance="10"/>
			<item id="33223" chance="10"/>
			<door id="33229" type="normal" open="true"/>
		</wall>
		<wall type="corner">
			<item id="33224" chance="1"/>
			<item id="33225" chance="1"/>
			<item id="33226" chance="1"/>
		</wall>
		<wall type="pole">
			<item id="33227" chance="1"/>
		</wall>
		<friend name="cracked wall" redirect="true"/>
	</brush>
	
	<brush name="plant wall 3" type="wall" server_lookid="33241">
		<wall type="horizontal">
			<item id="33241" chance="10"/>
			<item id="33242" chance="10"/>
			<item id="33243" chance="10"/>
			<door id="33251" type="normal" open="true"/>
		</wall>
		<wall type="vertical">
			<item id="33244" chance="10"/>
			<item id="33245" chance="10"/>
			<item id="33246" chance="10"/>
			<door id="33252" type="normal" open="true"/>
		</wall>
		<wall type="corner">
			<item id="33247" chance="1"/>
			<item id="33248" chance="1"/>
			<item id="33249" chance="1"/>
		</wall>
		<wall type="pole">
			<item id="33250" chance="1"/>
		</wall>
		<friend name="cracked wall" redirect="true"/>
	</brush>
	
	<brush name="clean marble wall" type="wall" server_lookid="33578">
		<wall type="horizontal">
			<item id="33578" chance="10"/>
			<item id="33579" chance="10"/>
			<item id="33580" chance="10"/>
			<door id="33632" type="normal" open="false"/>
			<door id="33636" type="normal" open="true"/>
			<door id="33628" type="hatch_window" open="true"/>
			<door id="33630" type="hatch_window" open="false"/>
		</wall>
		<wall type="vertical">
			<item id="33599" chance="10"/>
			<item id="33600" chance="10"/>
			<item id="33601" chance="10"/>
			<door id="33634" type="normal" open="false"/>
			<door id="33637" type="normal" open="true"/>
			<door id="33629" type="hatch_window" open="true"/>
			<door id="33631" type="hatch_window" open="false"/>
		</wall>
		<wall type="corner">
			<item id="33620" chance="10"/>
		</wall>
		<wall type="pole">
			<item id="33623" chance="10"/>
		</wall>
	</brush>
	
	<brush name="arch marble wall" type="wall" server_lookid="33581">
		<wall type="horizontal">
			<item id="33581" chance="10"/>
			<item id="33582" chance="10"/>
			<item id="33583" chance="10"/>
			<door id="33624" type="normal" open="false"/>
		</wall>
		<wall type="vertical">
			<item id="33602" chance="10"/>
			<item id="33603" chance="10"/>
			<item id="33604" chance="10"/>
			<door id="33625" type="normal" open="false"/>
		</wall>
		<wall type="corner">
			<item id="33621" chance="10"/>
		</wall>
		<friend name="clean marble wall" redirect="true"/>
	</brush> 		
	
	<brush name="gray brick wall" type="wall" server_lookid="33590">
		<wall type="horizontal">
			<item id="33590" chance="10"/>
			<door id="34221" type="normal" open="false"/>
			<door id="34222" type="normal" open="true"/>
			<door id="33638" type="hatch_window" open="true"/>
			<door id="33640" type="hatch_window" open="false"/>
		</wall>
		<wall type="vertical">
			<item id="33611" chance="10"/>
			<door id="34223" type="normal" open="false"/>
			<door id="34224" type="normal" open="true"/>
			<door id="33639" type="hatch_window" open="true"/>
			<door id="33641" type="hatch_window" open="false"/>
		</wall>
		<wall type="corner">
			<item id="33649" chance="10"/>
		</wall>
		<wall type="pole">
			<item id="11983" chance="10"/>
		</wall>
	</brush> 
	
	<brush name="archwood brick wall" type="wall" server_lookid="33593">
		<wall type="horizontal">
			<item id="33593" chance="10"/>
			<item id="33594" chance="10"/>
			<item id="33595" chance="10"/>
		</wall>
		<wall type="vertical">
			<item id="33614" chance="10"/>
			<item id="33615" chance="10"/>
			<item id="33616" chance="10"/>
		</wall>
		<wall type="corner">
			<item id="33650" chance="10"/>
		</wall>
		<wall type="pole">
			<item id="24817" chance="10"/>
		</wall>
		<friend name="gray brick wall" redirect="true"/>
	</brush>
	
	<brush name="strange metal wall" type="wall" server_lookid="32827">
		<wall type="horizontal">
			<item id="32827" chance="10"/>
		</wall>
		<wall type="vertical">
			<item id="32826" chance="10"/>
		</wall>
		<wall type="corner">
			<item id="32830" chance="10"/>
		</wall>
		<wall type="pole">
			<item id="32828" chance="10"/>
		</wall>
	</brush>
	
	<brush name="stone wall (bege)" type="wall" server_lookid="30778">
		<wall type="horizontal">
			<item id="30778" chance="10"/>
			<door id="31570" type="normal" open="false"/>
			<door id="31571" type="normal" open="true"/>
			<door id="31494" type="locked" open="false"/>
			<door id="31496" type="locked" open="true"/>
			<door id="30873" type="hatch_window" open="true"/>
			<door id="30817" type="hatch_window" open="false"/>
		</wall>
		<wall type="vertical">
			<item id="30790" chance="10"/>
			<door id="31568" type="normal" open="false"/>
			<door id="31569" type="normal" open="true"/>
			<door id="31495" type="locked" open="false"/>
			<door id="31497" type="locked" open="true"/>
			<door id="30876" type="hatch_window" open="true"/>
			<door id="30818" type="hatch_window" open="false"/>
		</wall>
		<wall type="corner">
			<item id="31498" chance="10"/>
		</wall>
		<wall type="pole">
			<item id="30805" chance="10"/>
		</wall>
	</brush>
	
	<brush name="heavy stones wall" type="wall" server_lookid="30736">
		<wall type="horizontal">
			<item id="30736" chance="10"/>
			<item id="30737" chance="10"/>
			<item id="30738" chance="10"/>
			<door id="30772" type="normal" open="false"/>
			<door id="30773" type="locked" open="true"/>
			<door id="31663" type="magic" open="false"/>
			<door id="30754" type="hatch_window" open="true"/>
		</wall>
		<wall type="vertical">
			<item id="30739" chance="10"/>
			<item id="30740" chance="10"/>
			<item id="30741" chance="10"/>
			<door id="30774" type="normal" open="false"/>
			<door id="30775" type="locked" open="true"/>
			<door id="31665" type="magic" open="false"/>
			<door id="31666" type="magic" open="true"/>
			<door id="30755" type="hatch_window" open="true"/>
		</wall>
		<wall type="corner">
			<item id="30742" chance="10"/>
			<item id="30743" chance="10"/>
			<item id="30744" chance="10"/>
		</wall>
		<wall type="pole">
			<item id="30745" chance="10"/>
		</wall>
	</brush>
	
	<brush name="stone covered with blue" type="wall" server_lookid="30992">
		<wall type="horizontal">
			<item id="30992" chance="10"/>
			<door id="31002" type="normal" open="true"/>
		</wall>
		<wall type="vertical">
			<item id="30995" chance="10"/>
			<door id="31008" type="normal" open="true"/>
		</wall>
		<wall type="corner">
			<item id="30998" chance="10"/>
		</wall>
		<wall type="pole">
			<item id="31001" chance="10"/>
		</wall>
	</brush>
	
	<brush name="stone covered with purple" type="wall" server_lookid="31003">
		<wall type="horizontal">
			<item id="31003" chance="10"/>
			<door id="31014" type="normal" open="true"/>
		</wall>
		<wall type="vertical">
			<item id="31006" chance="10"/>
			<door id="31015" type="normal" open="true"/>
		</wall>
		<wall type="corner">
			<item id="31010" chance="10"/>
		</wall>
		<wall type="pole">
			<item id="31013" chance="10"/>
		</wall>
	</brush>
	
	<brush name="ornamented wall" type="wall" server_lookid="29088">
		<wall type="horizontal">
			<item id="29088" chance="10"/>
			<door id="30033" type="normal" open="false"/>
			<door id="30035" type="normal" open="true"/>
			<door id="30041" type="quest" open="false"/>
			<door id="30042" type="quest" open="true"/>
			<door id="29106" type="hatch_window" open="true"/>
		</wall>
		<wall type="vertical">
			<item id="29091" chance="10"/>
			<door id="30034" type="normal" open="false"/>
			<door id="30036" type="normal" open="true"/>
			<door id="30043" type="quest" open="false"/>
			<door id="30044" type="quest" open="true"/>
			<door id="29107" type="hatch_window" open="true"/>
		</wall>
		<wall type="corner">
			<item id="29097" chance="10"/>
		</wall>
		<wall type="pole">
			<item id="29094" chance="10"/>
		</wall>
	</brush>
	
	<brush name="new frozen wall" type="wall" server_lookid="29116">
		<wall type="horizontal">
			<item id="29116" chance="10"/>
			<door id="30037" type="normal" open="false"/>
			<door id="30039" type="normal" open="true"/>
			<door id="30045" type="quest" open="false"/>
			<door id="30046" type="quest" open="true"/>
			<door id="29168" type="hatch_window" open="true"/>
		</wall>
		<wall type="vertical">
			<item id="29119" chance="10"/>
			<door id="30038" type="normal" open="false"/>
			<door id="30040" type="normal" open="true"/>
			<door id="30047" type="quest" open="false"/>
			<door id="30048" type="quest" open="true"/>
			<door id="29169" type="hatch_window" open="true"/>
		</wall>
		<wall type="corner">
			<item id="29122" chance="10"/>
		</wall>
		<wall type="pole">
			<item id="29125" chance="10"/>
		</wall>
	</brush>
	
	<brush name="short stone wall" type="wall" server_lookid="29116">
		<wall type="horizontal">
			<item id="26949" chance="10"/>
			<door id="26965" type="normal" open="true"/>
		</wall>
		<wall type="vertical">
			<item id="26986" chance="10"/>
			<door id="26966" type="normal" open="true"/>
		</wall>
		<wall type="corner">
			<item id="27047" chance="10"/>
		</wall>
		<wall type="pole">
			<item id="26964" chance="10"/>
		</wall>
	</brush>
	
	<brush name="massive stone wall" type="wall" server_lookid="26951">
		<wall type="horizontal">
			<item id="26950" chance="10"/>
			<item id="26951" chance="10"/>
			<item id="26952" chance="10"/>
			<item id="26953" chance="10"/>
			<door id="26993" type="normal" open="true"/>
		</wall>
		<wall type="vertical">
			<item id="26957" chance="10"/>
			<item id="26958" chance="10"/>
			<item id="26959" chance="10"/>
			<item id="26960" chance="10"/>
			<door id="26994" type="normal" open="true"/>
		</wall>
		<wall type="corner">
			<item id="26962" chance="10"/>
		</wall>
		<wall type="pole">
			<item id="27021" chance="10"/>
		</wall>
	</brush>
	
	<brush name="grass stone wall" type="wall" server_lookid="27037">
		<wall type="horizontal">
			<item id="27037" chance="10"/>
			<door id="27050" type="normal" open="true"/>
		</wall>
		<wall type="vertical">
			<item id="27045" chance="10"/>
			<door id="27051" type="normal" open="true"/>
		</wall>
		<wall type="corner">
			<item id="27046" chance="10"/>
		</wall>
		<wall type="pole">
			<item id="15685" chance="10"/>
		</wall>
	</brush>
	
	<brush name="monument wall" type="wall" server_lookid="23817">
		<wall type="horizontal">
			<item id="23817" chance="10"/>
			<door id="23873" type="normal" open="false"/>
			<door id="23877" type="normal" open="true"/>
			<door id="23855" type="hatch_window" open="false"/>
			<door id="23853" type="hatch_window" open="true"/>
		</wall>
		<wall type="vertical">
			<item id="23829" chance="10"/>
			<door id="23875" type="normal" open="false"/>
			<door id="23878" type="normal" open="true"/>
			<door id="23856" type="hatch_window" open="false"/>
			<door id="23854" type="hatch_window" open="true"/>
		</wall>
		<wall type="corner">
			<item id="23841" chance="10"/>
		</wall>
		<wall type="pole">
			<item id="23844" chance="10"/>
		</wall>
	</brush>
	
	<brush name="dragon lair wall (large)" type="wall" server_lookid="24993">
		<item id="25037" chance="10"/>
	</brush>

	<brush name="dragon lair wall" type="wall" server_lookid="24993">
		<wall type="horizontal">
			<item id="24993" chance="10"/>
			<item id="24994" chance="10"/>
			<item id="24995" chance="10"/>
			<item id="25142" chance="1"/>
			<door id="25003" type="normal" open="true"/>
		</wall>
		<wall type="vertical">
			<item id="24996" chance="10"/>
			<item id="24997" chance="10"/>
			<item id="24998" chance="10"/>
			<door id="25004" type="normal" open="true"/>
		</wall>
		<wall type="corner">
			<item id="24999" chance="10"/>
		</wall>
		<wall type="pole">
			<item id="25002" chance="10"/>
		</wall>
	</brush>
	
</materials>
