<materialsextension name="8.5 additions" author="Marcotrimmers" description="8.5 additions" client="8.50">
	<!-- BORDERS -->

	<border id="134"> <!-- 8.4 vertical flat roof border -->
		<borderitem edge="n"   item="8625"/>
		<borderitem edge="w"   item="8628"/>
		<borderitem edge="s"   item="8622"/>
		<borderitem edge="e"   item="8627"/>
		<borderitem edge="cnw" item="8626"/>
		<borderitem edge="cne" item="8624"/>
		<borderitem edge="csw" item="8623"/>
		<borderitem edge="cse" item="8621"/>
		<borderitem edge="dnw" item="8632"/>
		<borderitem edge="dne" item="8631"/>
		<borderitem edge="dsw" item="8630"/>
		<borderitem edge="dse" item="8629"/>
	</border>

	<border id="135"> <!-- 8.4 horizontal flat roof border -->
		<borderitem edge="n"   item="8637"/>
		<borderitem edge="w"   item="8640"/>
		<borderitem edge="s"   item="8634"/>
		<borderitem edge="e"   item="8639"/>
		<borderitem edge="cnw" item="8638"/>
		<borderitem edge="cne" item="8636"/>
		<borderitem edge="csw" item="8635"/>
		<borderitem edge="cse" item="8633"/>
		<borderitem edge="dnw" item="8644"/>
		<borderitem edge="dne" item="8643"/>
		<borderitem edge="dsw" item="8642"/>
		<borderitem edge="dse" item="8641"/>
	</border>

	<border id="136"> <!-- 8.5 brown cobblestone border -->
		<borderitem edge="n"   item="9501"/>
		<borderitem edge="w"   item="9503"/>
		<borderitem edge="s"   item="9500"/>
		<borderitem edge="e"   item="9502"/>
		<borderitem edge="cnw" item="9510"/>
		<borderitem edge="cne" item="9511"/>
		<borderitem edge="csw" item="9509"/>
		<borderitem edge="cse" item="9508"/>
		<borderitem edge="dnw" item="9506"/>
		<borderitem edge="dne" item="9507"/>
		<borderitem edge="dsw" item="9505"/>
		<borderitem edge="dse" item="9504"/>
	</border>

	<border id="137"> <!-- 8.5 Light Mud Border -->
		<borderitem edge="n"   item="9539"/>
		<borderitem edge="w"   item="9541"/>
		<borderitem edge="s"   item="9540"/>
		<borderitem edge="e"   item="9542"/>
		<borderitem edge="cnw" item="9545"/>
		<borderitem edge="cne" item="9546"/>
		<borderitem edge="csw" item="9544"/>
		<borderitem edge="cse" item="9543"/>
		<borderitem edge="dnw" item="9548"/>
		<borderitem edge="dne" item="9547"/>
		<borderitem edge="dsw" item="9550"/>
		<borderitem edge="dse" item="9549"/>
	</border>


	<!-- DOODADS -->

	<brush name="Guardian Statue" type="doodad" server_lookid="9432" draggable="true" on_blocking="true" thickness="100/100">
		<alternate> <!-- south -->
			<item id="9432" chance="10"/>
		</alternate>
		<alternate> <!-- east -->
			<item id="9433" chance="10"/>
		</alternate>
	</brush>

	<brush name="Warrior Statue" type="doodad" server_lookid="9434" draggable="true" on_blocking="true" thickness="100/100">
		<alternate> <!-- south -->
			<item id="9434" chance="10"/>
		</alternate>
		<alternate> <!-- east -->
			<item id="9435" chance="10"/>
		</alternate>
	</brush>

	<brush name="Archer Statue" type="doodad" server_lookid="9436" draggable="true" on_blocking="true" thickness="100/100">
		<alternate> <!-- south -->
			<item id="9436" chance="10"/>
		</alternate>
		<alternate> <!-- east -->
			<item id="9437" chance="10"/>
		</alternate>
	</brush>

	<brush name="Flaming Medusa Statue" type="doodad" server_lookid="9438" draggable="true" on_blocking="true" thicnkess="100/100">
		<alternate> <!-- south -->
			<item id="9438" chance="10"/>
		</alternate>
		<alternate> <!-- east -->
			<item id="9439" chance="10"/>
		</alternate>
	</brush>

	<brush name="Garden Clock" type="doodad" server_lookid="8319" draggable="true" on_blocking="true" thickness="100/100">
		<alternate>
			<composite chance="10">
				<tile x="0" y="0"> <item id="8319"/> </tile>
				<tile x="1" y="0"> <item id="8320"/> </tile>
				<tile x="0" y="1"> <item id="8321"/> </tile>
				<tile x="1" y="1"> <item id="8322"/> </tile>
			</composite>
		</alternate>
	</brush>

	<brush name="giant fountain" type="doodad" server_lookid="8681" draggable="true" on_blocking="true" thickness="100/100">
		<alternate>
			<composite chance="10">
				<tile x="-1" y="-1"> <item id="8672"/> </tile>
				<tile x="0" y="-1"> <item id="8673"/> <item id="4597"/> </tile>
				<tile x="1" y="-1"> <item id="8674"/> </tile>
				<tile x="-1" y="0"> <item id="8679"/> <item id="4597"/> </tile>
				<tile x="0" y="0"> <item id="8680"/> </tile>
				<tile x="1" y="0"> <item id="8675"/> <item id="4597"/> </tile>
				<tile x="-1" y="1"> <item id="8678"/> </tile>
				<tile x="0" y="1"> <item id="4597"/> <item id="8677"/> </tile>
				<tile x="1" y="1"> <item id="8676"/> </tile>
				<tile x="0" y="0" z="-1"> <item id="8681"/> </tile>
			</composite>
		</alternate>
	</brush>

	<brush name="Limestone Pillar" type="doodad" server_lookid="9282" draggable="false" on_blocking="true" thickness="100/100">
		<alternate> <!-- south -->
			<item id="9282" chance="10"/>
		</alternate>
		<alternate> <!-- east -->
			<item id="9284" chance="10"/>
		</alternate>
		<alternate> <!-- north -->
			<item id="9283" chance="10"/>
		</alternate>
		<alternate> <!-- west -->
			<item id="9285" chance="10"/>
		</alternate>
	</brush>

	<brush name="Red Pillars" type="doodad" server_lookid="9533" draggable="false" on_blocking="true" thickness="100/100">
		<alternate> <!-- south -->
			<item id="9533" chance="10"/>
		</alternate>
		<alternate> <!-- east -->
			<item id="9535" chance="10"/>
		</alternate>
		<alternate> <!-- north -->
			<item id="9534" chance="10"/>
		</alternate>
		<alternate> <!-- west -->
			<item id="9536" chance="10"/>
		</alternate>
	</brush>

	<brush name="Golden Shield" type="doodad" server_lookid="9512" draggable="false" on_blocking="true" thickness="100/100">
		<alternate> <!-- south -->
			<item id="9512" chance="10"/>
		</alternate>
		<alternate> <!-- east -->
			<item id="9513" chance="10"/>
		</alternate>
	</brush>

	<brush name="Silver Shield" type="doodad" server_lookid="9514" draggable="false" on_blocking="true" thickness="100/100">
		<alternate> <!-- south -->
			<item id="9514" chance="10"/>
		</alternate>
		<alternate> <!-- east -->
			<item id="9515" chance="10"/>
		</alternate>
	</brush>

	<!--BANNERS-->
	<brush name="Dark Blue Banner" type="doodad" server_lookid="9461" draggable="false" on_blocking="true" thickness="100/100">
		<alternate> <!-- south -->
			<item id="9461" chance="10"/>
		</alternate>
		<alternate> <!-- east -->
			<item id="9471" chance="10"/>
		</alternate>
	</brush>

	<brush name="Purple Banner" type="doodad" server_lookid="9462" draggable="false" on_blocking="true" thickness="100/100">
		<alternate> <!-- south -->
			<item id="9462" chance="10"/>
		</alternate>
		<alternate> <!-- east -->
			<item id="9472" chance="10"/>
		</alternate>
	</brush>

	<brush name="Light Blue Banner" type="doodad" server_lookid="9463" draggable="false" on_blocking="true" thickness="100/100">
		<alternate> <!-- south -->
			<item id="9463" chance="10"/>
		</alternate>
		<alternate> <!-- east -->
			<item id="9473" chance="10"/>
		</alternate>
	</brush>

	<brush name="Grey Banner" type="doodad" server_lookid="9464" draggable="false" on_blocking="true" thickness="100/100">
		<alternate> <!-- south -->
			<item id="9464" chance="10"/>
		</alternate>
		<alternate> <!-- east -->
			<item id="9474" chance="10"/>
		</alternate>
	</brush>

	<brush name="Red Banner" type="doodad" server_lookid="9465" draggable="false" on_blocking="true" thickness="100/100">
		<alternate> <!-- south -->
			<item id="9465" chance="10"/>
		</alternate>
		<alternate> <!-- east -->
			<item id="9475" chance="10"/>
		</alternate>
	</brush>

	<brush name="Green Banner" type="doodad" server_lookid="9466" draggable="false" on_blocking="true" thickness="100/100">
		<alternate> <!-- south -->
			<item id="9466" chance="10"/>
		</alternate>
		<alternate> <!-- east -->
			<item id="9476" chance="10"/>
		</alternate>
	</brush>

	<brush name="Pink Banner" type="doodad" server_lookid="9467" draggable="false" on_blocking="true" thickness="100/100">
		<alternate> <!-- south -->
			<item id="9467" chance="10"/>
		</alternate>
		<alternate> <!-- east -->
			<item id="9477" chance="10"/>
		</alternate>
	</brush>

	<brush name="Blue Banner" type="doodad" server_lookid="9468" draggable="false" on_blocking="true" thickness="100/100">
		<alternate> <!-- south -->
			<item id="9468" chance="10"/>
		</alternate>
		<alternate> <!-- east -->
			<item id="9478" chance="10"/>
		</alternate>
	</brush>

	<brush name="Orange Banner" type="doodad" server_lookid="9469" draggable="false" on_blocking="true" thickness="100/100">
		<alternate> <!-- south -->
			<item id="9469" chance="10"/>
		</alternate>
		<alternate> <!-- east -->
			<item id="9479" chance="10"/>
		</alternate>
	</brush>

	<brush name="Green and Red Banner" type="doodad" server_lookid="9470" draggable="false" on_blocking="true" thickness="100/100">
		<alternate> <!-- south -->
			<item id="9470" chance="10"/>
		</alternate>
		<alternate> <!-- east -->
			<item id="9480" chance="10"/>
		</alternate>
	</brush>

    <brush name="Small Cobblestones" type="doodad" server_lookid="8812" z-order="200">
        <item id="8812" chance="1000"/>
       	<item id="8813" chance="1000"/>
    </brush>

	<brush name="Roof Extension" type="doodad" server_lookid="5043" draggable="false" on_blocking="true" thickness="100/100">
		<alternate> <!-- south -->
			<item id="5043" chance="10"/>
		</alternate>
		<alternate> <!-- east -->
			<item id="5044" chance="10"/>
		</alternate>
	</brush>

	<brush name="Gutter Corner" type="doodad" server_lookid="9522" draggable="false" on_blocking="true" thickness="100/100">
		<alternate> <!-- south -->
			<item id="9522" chance="10"/>
		</alternate>
		<alternate> <!-- east -->
			<item id="9520" chance="10"/>
		</alternate>
	</brush>

	<brush name="Gutter" type="doodad" server_lookid="9521" draggable="false" on_blocking="true" thickness="100/100">
		<alternate> <!-- south -->
			<item id="9521" chance="10"/>
		</alternate>
		<alternate> <!-- east -->
			<item id="9519" chance="10"/>
		</alternate>
	</brush>

	<brush name="Gutter Pole" type="doodad" server_lookid="9523" draggable="false" on_blocking="true" thickness="100/100">
		<item id="9523" chance="10"/>
	</brush>

	<brush name="Flowery Wall" type="doodad" server_lookid="1049" draggable="false" on_blocking="true" thickness="100/100">
		<item id="1049" chance="10"/>
		<item id="1051" chance="10"/>
	</brush>

	<brush name="Mountain Plants" type="doodad" server_lookid="1050" draggable="false" on_blocking="true" thickness="100/100">
		<alternate> <!-- south -->
			<item id="1050" chance="10"/>
		</alternate>
		<alternate> <!-- east -->
			<item id="1052" chance="10"/>
		</alternate>
	</brush>

	<brush name="Igloo" type="doodad" server_lookid="6752" draggable="true" on_blocking="true" thickness="100/100">
		<alternate>
			<composite chance="10">
				<tile x="0" y="0"> <item id="6752"/> </tile>
				<tile x="1" y="0"> <item id="6753"/> </tile>
				<tile x="0" y="1"> <item id="6751"/> </tile>
				<tile x="1" y="1"> <item id="6750"/> </tile>
			</composite>
		</alternate>
		<alternate>
			<composite chance="10">
				<tile x="0" y="0"> <item id="6752"/> </tile>
				<tile x="1" y="0"> <item id="6753"/> </tile>
				<tile x="0" y="1"> <item id="6755"/> </tile>
				<tile x="1" y="1"> <item id="6750"/> </tile>
			</composite>
		</alternate>
		<alternate>
			<composite chance="10">
				<tile x="0" y="0"> <item id="6752"/> </tile>
				<tile x="1" y="0"> <item id="6753"/> </tile>
				<tile x="0" y="1"> <item id="6751"/> </tile>
				<tile x="1" y="1"> <item id="6754"/> </tile>
			</composite>
		</alternate>
	</brush>

	<brush name="Sledge with husky" type="doodad" server_lookid="7266" draggable="true" on_blocking="true" thickness="100/100">
		<alternate>
			<composite chance="10">
				<tile x="0" y="0"> <item id="7266"/> </tile>
				<tile x="0" y="1"> <item id="7269"/> </tile>
				<tile x="0" y="3"> <item id="7270"/> </tile>
				<tile x="0" y="4"> <item id="7269"/> </tile>
				<tile x="0" y="6"> <item id="7270"/> </tile>
			</composite>
		</alternate>
		<alternate>
			<composite chance="10">
				<tile x="0" y="0"> <item id="7264"/> </tile>
				<tile x="0" y="1"> <item id="7269"/> </tile>
				<tile x="0" y="3"> <item id="7270"/> </tile>
				<tile x="0" y="4"> <item id="7269"/> </tile>
				<tile x="0" y="6"> <item id="7270"/> </tile>
			</composite>
		</alternate>
	</brush>

	<brush name="Snowman 1" type="doodad" server_lookid="7171" draggable="true" on_blocking="true" on_duplicate="true" thickness="100/100">
		<alternate> <item id="7171" chance="10"/> </alternate>
	</brush>

	<brush name="Snowman 2" type="doodad" server_lookid="7172" draggable="true" on_blocking="true" on_duplicate="true" thickness="100/100">
		<alternate> <item id="7172" chance="10"/> </alternate>
	</brush>

	<brush name="Snowman 3" type="doodad" server_lookid="7173" draggable="true" on_blocking="true" on_duplicate="true" thickness="100/100">
		<alternate> <item id="7173" chance="10"/> </alternate>
	</brush>

	<brush name="Water Gazer (stone)" type="doodad" server_lookid="7106" draggable="true" on_blocking="true" on_duplicate="true" thickness="100/100">
		<alternate> <item id="7106" chance="10"/> </alternate>
	</brush>

	<brush name="Water Gazer (ice)" type="doodad" server_lookid="7236" draggable="true" on_blocking="true" on_duplicate="true" thickness="12/100">
		<alternate> <item id="7236" chance="10"/> </alternate>
	</brush>

	<brush name="Water Gazer (Water)" type="doodad" server_lookid="7108" draggable="true" on_blocking="true" on_duplicate="true" thickness="12/100">
		<alternate> <item id="7108" chance="10"/> </alternate>
	</brush>

	<brush name="Case" type="doodad" server_lookid="7255" draggable="true" on_blocking="true" on_duplicate="true" thickness="12/100">
		<alternate> <!-- south -->
			<composite chance="10">
				<tile x="0" y="0"> <item id="7254"/> </tile>
				<tile x="0" y="1"> <item id="7259"/> </tile>
			</composite>
		</alternate>
		<alternate> <!-- east -->
			<composite chance="10">
				<tile x="0" y="0"> <item id="7255"/> </tile>
				<tile x="1" y="0"> <item id="7189"/> </tile>
			</composite>
		</alternate>
	</brush>

	<brush name="big cave hole 1" type="doodad" server_lookid="7515" draggable="true" on_blocking="true" thickness="100/100" z-order="1100">
		<alternate>
			<!-- south -->
			<composite chance="10">
				<tile x="0" y="0">
					<item id="7515"/>
				</tile>
			</composite>
		</alternate>
		<alternate>
			-- east --
			<composite chance="10">
				<tile x="0" y="0">
					<item id="7516"/>
				</tile>
			</composite>
		</alternate>
	</brush>
	<brush name="big cave hole 2" type="doodad" server_lookid="7520" draggable="true" on_blocking="true" thickness="100/100" z-order="1100">
		<alternate>
			<!-- south -->
			<composite chance="10">
				<tile x="0" y="0">
					<item id="7520"/>
				</tile>
			</composite>
		</alternate>
		<alternate>
			-- east --
			<composite chance="10">
				<tile x="0" y="0">
					<item id="7521"/>
				</tile>
			</composite>
		</alternate>
	</brush>
	<brush name="big cave hole 3" type="doodad" server_lookid="7517" draggable="true" on_blocking="true" thickness="100/100" z-order="1100">
		<alternate>
			<!-- south -->
			<composite chance="10">
				<tile x="0" y="0">
					<item id="7517"/>
				</tile>
			</composite>
		</alternate>
		<alternate>
			-- east --
			<composite chance="10">
				<tile x="0" y="0">
					<item id="7518"/>
				</tile>
			</composite>
		</alternate>
	</brush>
	<brush name="big cave hole 4" type="doodad" server_lookid="7522" draggable="true" on_blocking="true" thickness="100/100" z-order="1100">
		<alternate>
			<!-- south -->
			<composite chance="10">
				<tile x="0" y="0">
					<item id="7522"/>
					<item id="7523"/>
					<item id="7524"/>
				</tile>
			</composite>
		</alternate>
	</brush>
	<brush name="big cave hole 5" type="doodad" server_lookid="7550" draggable="true" on_blocking="true" thickness="100/100" z-order="1100">
		<alternate>
			<!-- south -->
			<composite chance="10">
				<tile x="0" y="0">
					<item id="7550"/>
				</tile>
				<tile x="-1" y="0">
					<item id="7554"/>
				</tile>
				<tile x="-1" y="-1">
					<item id="7552"/>
				</tile>
				<tile x="0" y="-1">
					<item id="7551"/>
				</tile>
				<tile x="1" y="-1">
					<item id="7553"/>
				</tile>
				<tile x="1" y="0">
					<item id="7555"/>
				</tile>
			</composite>
		</alternate>
	</brush>

	<brush name="caged wagon" type="doodad" server_lookid="7955" draggable="true" on_blocking="true" thickness="100/100" z-order="1100">
		<alternate>
			<!-- south -->
			<composite chance="10">
				<tile x="0" y="0">
					<item id="7956"/>
				</tile>
				<tile x="0" y="1">
					<item id="7955"/>
				</tile>
			</composite>
		</alternate>
		<alternate>
			<!-- east -->
			<composite chance="10">
				<tile x="0" y="0">
					<item id="7954"/>
				</tile>
				<tile x="1" y="0">
					<item id="7953"/>
				</tile>
			</composite>
		</alternate>
	</brush>

	<brush name="Yalahar Mossy Stones" type="doodad" server_lookid="8503" draggable="true" on_blocking="true" thickness="10/10">
		<item id="8503" chance="30"/>
		<item id="8504" chance="30"/>
		<item id="8505" chance="30"/>
		<item id="8506" chance="30"/>
	</brush>

	<brush name="Blossom Tree" type="doodad" server_lookid="9225" draggable="true" on_blocking="true" thickness="10/10">
		<item id="9225" chance="30"/>
	</brush>

	<brush name="Limewall decoration 1" type="doodad" server_lookid="9288" draggable="true" on_blocking="true" thickness="100/100" z-order="1100">
		<alternate>
			<!-- south -->
			<composite chance="10">
				<tile x="0" y="0">
					<item id="9288"/>
				</tile>
			</composite>
		</alternate>
		<alternate>
			<!-- east -->
			<composite chance="10">
				<tile x="0" y="0">
					<item id="9289"/>
				</tile>
			</composite>
		</alternate>
	</brush>

	<brush name="Limewall decoration 2" type="doodad" server_lookid="9286" draggable="true" on_blocking="true" thickness="100/100" z-order="1100">
		<alternate>
			<!-- south -->
			<composite chance="10">
				<tile x="0" y="0">
					<item id="9286"/>
				</tile>
			</composite>
		</alternate>
		<alternate>
			<!-- east -->
			<composite chance="10">
				<tile x="0" y="0">
					<item id="9287"/>
				</tile>
			</composite>
		</alternate>
	</brush>

	<brush name="Limewall defensive" type="doodad" server_lookid="9294" draggable="true" on_blocking="true" thickness="100/100" z-order="1100">
		<alternate>
			<!-- south -->
			<composite chance="10">
				<tile x="0" y="0">
					<item id="9294"/>
				</tile>
			</composite>
		</alternate>
		<alternate>
			<!-- east -->
			<composite chance="10">
				<tile x="0" y="0">
					<item id="9295"/>
				</tile>
			</composite>
		</alternate>
	</brush>

	<brush name="Diagonal Roof Borders" type="doodad" server_lookid="9416" draggable="false" on_blocking="true" thickness="100/100">
		<alternate> <!-- south -->
			<composite chance="10">
				<tile x="0" y="0">
					<item id="9408"/>
				</tile>
				<tile x="0" y="1">
					<item id="9409"/>
				</tile>
				<tile x="0" y="2">
					<item id="8636"/>
				</tile>
			</composite>
		</alternate>
		<alternate> <!-- north -->
			<composite chance="10">
				<tile x="0" y="0">
					<item id="9410"/>
				</tile>
				<tile x="0" y="-1">
					<item id="9411"/>
				</tile>
				<tile x="0" y="-2">
					<item id="8633"/>
				</tile>
			</composite>
		</alternate>
		<alternate> <!-- west -->
			<composite chance="10">
				<tile x="0" y="0">
					<item id="9416"/>
				</tile>
				<tile x="-1" y="0">
					<item id="9417"/>
				</tile>
				<tile x="-2" y="0">
					<item id="8621"/>
				</tile>
			</composite>
		</alternate>
		<alternate> <!-- east -->
			<composite chance="10">
				<tile x="0" y="0">
					<item id="9418"/>
				</tile>
				<tile x="1" y="0">
					<item id="9419"/>
				</tile>
				<tile x="2" y="0">
					<item id="8623"/>
				</tile>
			</composite>
		</alternate>
	</brush>

	<brush name="Mountain Stairs 1" type="doodad" server_lookid="6127" draggable="true" on_blocking="true" thickness="100/100" z-order="1100">
		<alternate>
			<!-- north -->
			<composite chance="10">
				<tile x="0" y="0">
					<item id="6127"/>
				</tile>
			</composite>
		</alternate>
		<alternate>
			<!-- south -->
			<composite chance="10">
				<tile x="0" y="0">
					<item id="6128"/>
				</tile>
			</composite>
		</alternate>
		<alternate>
			<!-- east -->
			<composite chance="10">
				<tile x="0" y="0">
					<item id="601"/>
				</tile>
			</composite>
		</alternate>
		<alternate>
			<!-- west -->
			<composite chance="10">
				<tile x="0" y="0">
					<item id="600"/>
				</tile>
			</composite>
		</alternate>
	</brush>

	<brush name="Mountain Stairs 2" type="doodad" server_lookid="6129" draggable="true" on_blocking="true" thickness="100/100" z-order="1100">
		<alternate>
			<!-- north -->
			<composite chance="10">
				<tile x="0" y="0">
					<item id="6129"/>
				</tile>
			</composite>
		</alternate>
		<alternate>
			<!-- south -->
			<composite chance="10">
				<tile x="0" y="0">
					<item id="6130"/>
				</tile>
			</composite>
		</alternate>
		<alternate>
			-- east --
			<composite chance="10">
				<tile x="0" y="0">
					<item id="605"/>
				</tile>
			</composite>
		</alternate>
		<alternate>
			<!-- west -->
			<composite chance="10">
				<tile x="0" y="0">
					<item id="604"/>
				</tile>
			</composite>
		</alternate>
	</brush>

	<brush name="Dirt Mountain Stairs 1" type="doodad" server_lookid="7736" draggable="true" on_blocking="true" thickness="100/100" z-order="1100">
		<alternate>
			<!-- north -->
			<composite chance="10">
				<tile x="0" y="0">
					<item id="7736"/>
				</tile>
			</composite>
		</alternate>
		<alternate>
			<!-- south -->
			<composite chance="10">
				<tile x="0" y="0">
					<item id="7735"/>
				</tile>
			</composite>
		</alternate>
		<alternate>
			-- east --
			<composite chance="10">
				<tile x="0" y="0">
					<item id="7734"/>
				</tile>
			</composite>
		</alternate>
		<alternate>
			<!-- west -->
			<composite chance="10">
				<tile x="0" y="0">
					<item id="7733"/>
				</tile>
			</composite>
		</alternate>
	</brush>

	<brush name="Dirt Mountain Stairs 2" type="doodad" server_lookid="7732" draggable="true" on_blocking="true" thickness="100/100" z-order="1100">
		<alternate>
			<!-- north -->
			<composite chance="10">
				<tile x="0" y="0">
					<item id="7732"/>
				</tile>
			</composite>
		</alternate>
		<alternate>
			<!-- south -->
			<composite chance="10">
				<tile x="0" y="0">
					<item id="7731"/>
				</tile>
			</composite>
		</alternate>
		<alternate>
			-- east --
			<composite chance="10">
				<tile x="0" y="0">
					<item id="7730"/>
				</tile>
			</composite>
		</alternate>
		<alternate>
			<!-- west -->
			<composite chance="10">
				<tile x="0" y="0">
					<item id="7729"/>
				</tile>
			</composite>
		</alternate>
	</brush>

	<brush name="Snow stairs 1" type="doodad" server_lookid="6923" draggable="true" on_blocking="true" thickness="100/100" z-order="1100">
		<alternate>
			<!-- north -->
			<composite chance="10">
				<tile x="0" y="0">
					<item id="6923"/>
				</tile>
			</composite>
		</alternate>
		<alternate>
			<!-- south -->
			<composite chance="10">
				<tile x="0" y="0">
					<item id="6924"/>
				</tile>
			</composite>
		</alternate>
		<alternate>
			-- east --
			<composite chance="10">
				<tile x="0" y="0">
					<item id="6922"/>
				</tile>
			</composite>
		</alternate>
		<alternate>
			<!-- west -->
			<composite chance="10">
				<tile x="0" y="0">
					<item id="6921"/>
				</tile>
			</composite>
		</alternate>
	</brush>

	<brush name="Snow stairs 2" type="doodad" server_lookid="6919" draggable="true" on_blocking="true" thickness="100/100" z-order="1100">
		<alternate>
			<!-- north -->
			<composite chance="10">
				<tile x="0" y="0">
					<item id="6919"/>
				</tile>
			</composite>
		</alternate>
		<alternate>
			<!-- south -->
			<composite chance="10">
				<tile x="0" y="0">
					<item id="6920"/>
				</tile>
			</composite>
		</alternate>
		<alternate>
			-- east --
			<composite chance="10">
				<tile x="0" y="0">
					<item id="6918"/>
				</tile>
			</composite>
		</alternate>
		<alternate>
			<!-- west -->
			<composite chance="10">
				<tile x="0" y="0">
					<item id="6917"/>
				</tile>
			</composite>
		</alternate>
	</brush>

	<brush name="Sewer grate" type="doodad" server_lookid="435" draggable="true" on_blocking="true" thickness="100/100" z-order="1100">
		<alternate>
			<!-- north -->
			<composite chance="10">
				<tile x="0" y="0">
					<item id="435"/>
				</tile>
			</composite>
		</alternate>
	</brush>

	<brush name="closed/open trapdoor" type="doodad" server_lookid="475" draggable="true" on_blocking="true" thickness="100/100" z-order="1100">
		<alternate>
			-- closed --
			<composite chance="10">
				<tile x="0" y="0">
					<item id="475"/>
				</tile>
			</composite>
		</alternate>
		<alternate>
			-- open --
			<composite chance="10">
				<tile x="0" y="0">
					<item id="8709"/>
				</tile>
			</composite>
		</alternate>
	</brush>

	<!-- GROUND BRUSHES -->

	<brush name="Brown Cobblestone" type="ground" server_lookid="9481" z-order="1">
		<item id="9481" chance="10"/>
		<item id="9482" chance="10"/>
		<item id="9483" chance="10"/>
		<item id="9484" chance="10"/>
		<item id="9485" chance="10"/>
		<item id="9486" chance="10"/>
		<item id="9487" chance="10"/>

		<border align="outer" id="136"/>
		<border align="inner" to="none" id="10"/>
	</brush>

	<brush name="Light Mud" type="ground" server_lookid="9524" z-order="500">
		<item id="9524" chance="10"/>
		<item id="9525" chance="10"/>
		<item id="9526" chance="10"/>
		<item id="9527" chance="10"/>
		<item id="9528" chance="10"/>
		<item id="9529" chance="10"/>
		<item id="9530" chance="10"/>
		<item id="9531" chance="10"/>

		<border align="outer" id="137"/>
		<border align="inner" to="none" id="10"/>
	</brush>

	<brush name="Pavement" type="ground" server_lookid="9575" z-order="500">
		<item id="9575" chance="10"/>
		<item id="9576" chance="10"/>
		<item id="9577" chance="10"/>
		<item id="9578" chance="10"/>
		<item id="9579" chance="10"/>
		<item id="9580" chance="10"/>
		<item id="9581" chance="10"/>

		<border align="inner" to="none" id="10"/>
	</brush>

	<brush name="Stone Flooring I" type="ground" server_lookid="499" z-order="1">
		<item id="499" chance="1"/>
	</brush>

	<brush name="Stone Flooring II" type="ground" server_lookid="500" z-order="1">
		<item id="500" chance="10"/>
		<item id="501" chance="10"/>
		<item id="502" chance="10"/>
		<item id="503" chance="10"/>
		<item id="504" chance="10"/>
	</brush>

	<!-- WALLS -->

	<brush name="Brown Stone Wall" type="wall" server_lookid="9333">
		<wall type="horizontal">
			<item id="9333" chance="10"/>
			<item id="9335" chance="10"/>
			<item id="9341" chance="10"/>
		</wall>
		<wall type="vertical">
			<item id="9332" chance="10"/>
			<item id="9337" chance="10"/>
			<item id="9339" chance="10"/>
		</wall>
		<wall type="corner">
			<item id="9336" chance="10"/>
			<item id="9338" chance="10"/>
			<item id="9340" chance="10"/>
		</wall>
		<wall type="pole">
			<item id="9334" chance="10"/>
		</wall>
	</brush>

	<brush name="Limestone Wall" type="wall" server_lookid="9260">
		<wall type="horizontal">
			<item id="9260" chance="10"/>
			<item id="9262" chance="10"/>
			<item id="9268" chance="10"/>
			<door id="9551" type="normal" open="false"/>
			<door id="9552" type="normal" open="false"/>
			<door id="9553" type="normal" open="true"/>
			<door id="9554" type="locked" open="false"/>
			<door id="9555" type="locked" open="true"/>
			<door id="9556" type="quest" open="false"/>
			<door id="9557" type="quest" open="true"/>
			<door id="9558" type="magic" open="false"/>
			<door id="9559" type="magic" open="true"/>
			<door id="9571" type="hatch_window" open="false"/>
			<door id="9573" type="hatch_window" open="true"/>
			<door id="9569" type="window"/>
		</wall>
		<wall type="vertical">
			<item id="9259" chance="10"/>
			<item id="9264" chance="10"/>
			<item id="9266" chance="10"/>
			<door id="9560" type="normal" open="false"/>
			<door id="9561" type="normal" open="false"/>
			<door id="9562" type="normal" open="true"/>
			<door id="9563" type="locked" open="false"/>
			<door id="9564" type="locked" open="true"/>
			<door id="9565" type="quest" open="false"/>
			<door id="9566" type="quest" open="true"/>
			<door id="9567" type="magic" open="false"/>
			<door id="9568" type="magic" open="true"/>
			<door id="9572" type="hatch_window" open="false"/>
			<door id="9574" type="hatch_window" open="true"/>
			<door id="9570" type="window"/>
		</wall>
		<wall type="corner">
			<item id="9263" chance="10"/>
			<item id="9265" chance="10"/>
			<item id="9267" chance="10"/>
			<item id="9269" chance="10"/>
		</wall>
		<wall type="pole">
			<item id="9261" chance="10"/>
		</wall>
	</brush>

	<brush name="Limestone Railing" type="wall" server_lookid="9273">
		<wall type="horizontal">
			<item id="9273" chance="10"/>
		</wall>
		<wall type="vertical">
			<item id="9272" chance="10"/>
		</wall>
		<wall type="corner">
			<item id="9279" chance="10"/>
		</wall>
		<wall type="pole">
			<item id="9276" chance="10"/>
		</wall>
	</brush>

	<brush name="Dark Plaster Wall" type="wall" server_lookid="9310">
		<wall type="horizontal">
			<item id="9310" chance="10"/>
			<item id="9312" chance="1"/>
			<item id="9318" chance="1"/>
			<item id="9328" chance="7"/>
			<item id="9329" chance="7"/>
			<door id="9354" type="normal" open="false"/>
			<door id="9355" type="normal" open="false"/>
			<door id="9356" type="normal" open="true"/>
			<door id="9359" type="locked" open="false"/>
			<door id="9360" type="locked" open="true"/>
			<door id="9363" type="quest" open="false"/>
			<door id="9364" type="quest" open="true"/>
			<door id="9367" type="magic" open="false"/>
			<door id="9368" type="magic" open="true"/>
			<door id="9347" type="hatch_window" open="false"/>
			<door id="9349" type="hatch_window" open="true"/>
			<door id="9345" type="window"/>
		</wall>
		<wall type="vertical">
			<item id="9309" chance="10"/>
			<item id="9314" chance="1"/>
			<item id="9316" chance="1"/>
			<item id="9330" chance="7"/>
			<item id="9331" chance="7"/>
			<door id="9351" type="normal" open="false"/>
			<door id="9352" type="normal" open="false"/>
			<door id="9353" type="normal" open="true"/>
			<door id="9357" type="locked" open="false"/>
			<door id="9358" type="locked" open="true"/>
			<door id="9361" type="quest" open="false"/>
			<door id="9362" type="quest" open="true"/>
			<door id="9365" type="magic" open="false"/>
			<door id="9366" type="magic" open="true"/>
			<door id="9348" type="hatch_window" open="false"/>
			<door id="9350" type="hatch_window" open="true"/>
			<door id="9346" type="window"/>
		</wall>
		<wall type="corner">
			<item id="9313" chance="10"/>
			<item id="9315" chance="0"/>
			<item id="9317" chance="0"/>
		</wall>
		<wall type="pole">
			<item id="9311" chance="10"/>
		</wall>
	</brush>

	<brush name="damaged dark plaster wall" type="wall" server_lookid="9322">
		<wall type="horizontal">
			<item id="9322" chance="500"/>
			<item id="9323" chance="500"/>
			<item id="9324" chance="500"/>
		</wall>
		<wall type="vertical">
			<item id="9325" chance="400"/>
			<item id="9326" chance="400"/>
			<item id="9327" chance="400"/>
		</wall>

		<friend name="Dark Plaster Wall" redirect="true"/>
	</brush>

	<brush name="Long Low Stone Walls" type="wall" server_lookid="5041">
		<wall type="horizontal">
			<item id="5041" chance="10"/>
		</wall>
		<wall type="vertical">
			<item id="5042" chance="10"/>
		</wall>
		<wall type="corner">
			<item id="5401" chance="10"/>
		</wall>
		<wall type="pole">
			<item id="9427" chance="10"/>
		</wall>
	</brush>

	<brush name="Defensive Limewall" type="wall" server_lookid="9293" draggable="true" on_blocking="true" thickness="10/10">
		<wall type="horizontal">
			<item id="9293" chance="30"/>
		</wall>
		<wall type="vertical">
			<item id="9293" chance="30"/>
		</wall>
		<wall type="corner">
			<item id="9293" chance="30"/>
		</wall>
		<wall type="pole">
			<item id="9293" chance="30"/>
		</wall>
	</brush>

	<!-- TILESET ADDITIONS -->

	<tileset name="Grounds">
		<raw>
			<item fromid="9575" toid="9581"/>
			<item fromid="9524" toid="9531"/>
			<item fromid="9481" toid="9487"/>
		</raw>
	</tileset>

	<tileset name="Nature">
		<terrain>
			<brush name="Light Mud"/>
			<brush name="Flowery Wall"/>
			<brush name="Mountain Plants"/>
		</terrain>
		<doodad>
			<brush name="Yalahar Mossy Stones"/>
			<brush name="Blossom Tree"/>
		</doodad>
		<raw>
			<item fromid="9587" toid="9589"/>
			<item id="9584"/>
		</raw>
	</tileset>

	<tileset name="Cave">
		<terrain>
			<brush name="big cave hole 1"/>
			<brush name="big cave hole 2"/>
			<brush name="big cave hole 3"/>
			<brush name="big cave hole 4"/>
			<brush name="big cave hole 5"/>
		</terrain>
	</tileset>

	<tileset name="Snow">
		<terrain>
			<brush name="Igloo"/>
			<brush name="Sledge with husky"/>
			<brush name="Snowman 1"/>
			<brush name="Snowman 2"/>
			<brush name="Snowman 3"/>
			<brush name="Water Gazer (stone)"/>
			<brush name="Water Gazer (ice)"/>
			<brush name="Water Gazer (Water)"/>
			<brush name="Case"/>
		</terrain>
	</tileset>

	<tileset name="Town">
		<terrain>
			<brush name="Stone Flooring II" after="gray stone tiles depressed"/>
			<brush name="Stone Flooring I" after="gray stone tiles depressed"/>
			<brush name="Brown Stone Wall"/>
			<brush name="Limestone Wall"/>
			<brush name="Limestone Railing"/>
			<brush name="Dark Plaster Wall"/>
			<brush name="damaged dark plaster wall"/>
			<brush name="Brown Cobblestone"/>
			<brush name="Pavement"/>
			<brush name="Long Low Stone Walls"/>
			<brush name="Gutter"/>
			<brush name="Gutter Corner"/>
			<brush name="Gutter Pole"/>
			<brush name="Small Cobblestones"/>
			<brush name="Defensive Limewall"/>
			<brush name="Limewall decoration 1"/>
			<brush name="Limewall decoration 2"/>
			<brush name="Limewall defensive"/>
		</terrain>
	</tileset>

	<tileset name="Roofs">
		<terrain>
			<brush name="Roof Extension"/>
			<brush name="Diagonal Roof Borders"/>
		</terrain>
		<raw>
			<item fromid="9408" toid="9423"/>
		</raw>
	</tileset>

	<tileset name="Stairs">
		<terrain>
			<brush name="Mountain Stairs 1"/>
			<brush name="Mountain Stairs 2"/>
			<brush name="Dirt Mountain Stairs 1"/>
			<brush name="Dirt Mountain Stairs 2"/>
			<brush name="Snow stairs 1"/>
			<brush name="Snow stairs 2"/>
			<brush name="Sewer grate"/>
			<brush name="closed/open trapdoor"/>
		</terrain>
	</tileset>

	<tileset name="Hangables">
		<doodad>
			<brush name="Golden Shield"/>
			<brush name="Silver Shield"/>
		</doodad>
		<raw>
			<item fromid="9461" toid="9480"/>
			<item fromid="9512" toid="9513"/>
		</raw>
	</tileset>

	<tileset name="Interior">
		<raw>
			<item fromid="9613" toid="9614" afteritem="9066"/>
			<item fromid="9616" toid="9619" afteritem="9078"/>
		</raw>
	</tileset>

	<tileset name="Statues">
		<doodad>
			<brush name="Guardian Statue"/>
			<brush name="Warrior Statue"/>
			<brush name="Archer Statue"/>
			<brush name="Flaming Medusa Statue"/>
		</doodad>
	</tileset>

	<tileset name="Exterior">
		<doodad>
			<brush name="caged wagon"/>
		</doodad>
		<raw>
			<item fromid="9625" toid="9626"/>
		</raw>
	</tileset>

	<tileset name="Splash">
		<doodad>
			<item fromid="2895" toid="2900"/>
			<item id="9583"/>
		</doodad>
		<raw>
			<item id="9583"/>
		</raw>
	</tileset>

	<tileset name="Tools">
		<raw>
			<item fromid="9594" toid="9599"/>
		</raw>
	</tileset>

	<tileset name="Containers">
		<items_and_raw>
			<item fromid="9601" toid="9605"/>
		</items_and_raw>
	</tileset>

	<tileset name="Corpses">
		<doodad_and_raw>
			<item fromid="9607" toid="9610"/>
			<item id="9582"/>
		</doodad_and_raw>
	</tileset>

	<tileset name="Architecture">
		<doodad>
			<item fromid="9280" toid="9281"/>
			<brush name="Limestone Pillar"/>
			<item id="9532"/>
		</doodad>
		<raw>
			<item fromid="9532" toid="9536"/>
		</raw>
	</tileset>

	<tileset name="Walls">
		<raw>
			<item fromid="9259" toid="9289"/>
			<item fromid="9293" toid="9300"/>
			<item fromid="9551" toid="9574"/>
			<item fromid="9516" toid="9523"/>
			<item fromid="9426" toid="9431"/>
			<item fromid="9309" toid="9370"/>
			<item id="9624"/>
		</raw>
	</tileset>

	<tileset name="Borders">
		<raw>
			<item fromid="9539" toid="9550"/>
			<item fromid="9488" toid="9511"/>
		</raw>
	</tileset>

	<tileset name="Blank">
		<raw>
			<item id="9612"/>
			<item id="9600"/>
		</raw>
	</tileset>

	<tileset name="Banners">
		<doodad>
			<brush name="Dark Blue Banner"/>
			<brush name="Purple Banner"/>
			<brush name="Light Blue Banner"/>
			<brush name="Grey Banner"/>
			<brush name="Red Banner"/>
			<brush name="Green Banner"/>
			<brush name="Pink Banner"/>
			<brush name="Blue Banner"/>
			<brush name="Orange Banner"/>
			<brush name="Green and Red Banner"/>
		</doodad>
	</tileset>
</materialsextension>
