<materialsextension name="Beach Doodads" author="Remere" description="This adds all the doodads related to the beach" client="8.10;8.20 - 8.31">

	<brush name="blue beach chair" type="doodad" server_lookid="620" draggable="true" on_blocking="true" thickness="10/10">
		<alternate> <item id="620" chance="30"/> </alternate> <!-- south -->
		<alternate> <item id="621" chance="30"/> </alternate> <!-- east -->
	</brush>

	<brush name="striped beach chair" type="doodad" server_lookid="623" draggable="true" on_blocking="true" thickness="10/10">
		<alternate> <item id="623" chance="30"/> </alternate> <!-- south -->
		<alternate> <item id="624" chance="30"/> </alternate> <!-- east -->
	</brush>

	<brush name="blue beach parasol" type="doodad" server_lookid="625" draggable="true" on_blocking="true" thickness="10/10">
		<item id="625" chance="30"/>
	</brush>

	<brush name="pink beach parasol" type="doodad" server_lookid="626" draggable="true" on_blocking="true" thickness="10/10">
		<item id="626" chance="30"/>
	</brush>

	<brush name="red beach parasol" type="doodad" server_lookid="627" draggable="true" on_blocking="true" thickness="10/10">
		<item id="627" chance="30"/>
	</brush>

	<brush name="beach ball" type="doodad" server_lookid="619" draggable="true" on_blocking="true" thickness="10/10">
		<item id="619" chance="30"/>
	</brush>

	<brush name="water fence" type="wall" server_lookid="222">
		<wall type="pole">               <item id="220" chance="1"/> </wall>
		<wall type="horizontal">         <item id="222" chance="1"/> </wall>
		<wall type="vertical">           <item id="221" chance="1"/> </wall>
		<wall type="northeast diagonal"> <item id="225" chance="1"/> </wall>
		<wall type="northwest diagonal"> <item id="226" chance="1"/> </wall>
		<wall type="southeast diagonal"> <item id="223" chance="1"/> </wall>
		<wall type="southwest diagonal"> <item id="224" chance="1"/> </wall>
		<wall type="intersection">       <item id="220" chance="1"/> </wall>
		<wall type="north T">            <item id="220" chance="1"/> </wall>
		<wall type="south T">            <item id="220" chance="1"/> </wall>
		<wall type="east T">             <item id="220" chance="1"/> </wall>
		<wall type="west T">             <item id="220" chance="1"/> </wall>
		<wall type="north end">          <item id="220" chance="1"/> </wall>
		<wall type="south end">          <item id="220" chance="1"/> </wall>
		<wall type="east end">           <item id="220" chance="1"/> </wall>
		<wall type="west end">           <item id="220" chance="1"/> </wall>
	</brush>

	<brush name="water buoy" type="doodad" server_lookid="220" draggable="true" on_blocking="true" thickness="100/100">
		<item id="220" chance="1"/>
	</brush>

    <tileset name="Exterior">
        <doodad>
			<brush name="blue beach chair"/>
			<brush name="striped beach chair"/>
			<brush name="blue beach parasol"/>
			<brush name="pink beach parasol"/>
			<brush name="red beach parasol"/>
			<brush name="beach ball"/>
			<brush name="water fence"/>
			<brush name="water buoy"/>
        </doodad>
		<raw>
			<item fromid="619" toid="627"/>
			<item fromid="220" toid="226"/>
		</raw>
    </tileset>
</materialsextension>
