<materialsextension
	name="Miscellanous Stuff"
	author="the_next"
	authorurl="https://otland.net/members/the_next.157092/"
	description="This adds a new doodad brush and give you a lot of new floors, walls etc etc.."
	client="9.10">

	<brush name="rudder of the boat" type="doodad" server_lookid="1752" draggable="true" on_blocking="true" thickness="10/10">
		<alternate> <item id="1752" chance="30"/> </alternate> <!-- south -->
		<alternate> <item id="1753" chance="30"/> </alternate> <!-- east -->
		<alternate> <item id="1754" chance="30"/> </alternate> <!-- north -->
		<alternate> <item id="1751" chance="30"/> </alternate> <!-- west -->
	</brush>

	<brush name="Street lamp" type="doodad" server_lookid="10082" draggable="true" on_blocking="true" thickness="10/10">
		<alternate> <item id="10082" chance="30"/> </alternate> <!-- south -->
		<alternate> <item id="10082" chance="30"/> </alternate> <!-- south -->
		<alternate> <item id="10084" chance="30"/> </alternate>
	</brush>

	<brush name="lamp" type="doodad" server_lookid="10960" draggable="true" on_blocking="true" thickness="10/10">
		<alternate> <item id="10960" chance="30"/> </alternate> <!-- south -->
	</brush>

	<brush name="gates" type="doodad" server_lookid="9030" draggable="true" on_blocking="true" thickness="10/10">
		<alternate> <item id="9030" chance="30"/> </alternate> <!-- south -->
		<alternate> <item id="9037" chance="30"/> </alternate> <!-- south -->
	</brush>

	<brush name="Brown floor" type="ground" server_lookid="9848" z-order="1">
		<item id="9848" chance="10"/>
	</brush>

	<brush name="strange floor" type="ground" server_lookid="10997" z-order="1">
		<item id="10997" chance="10"/>
	</brush>

	<brush name="Sign with x" type="doodad" server_lookid="12782" draggable="true" on_blocking="true" thickness="10/10">
		<alternate> <item id="12782" chance="30"/> </alternate> <!-- south -->
		<alternate> <item id="12783" chance="30"/> </alternate>
	</brush>

	<brush name="street lamp1" type="doodad" server_lookid="11059" draggable="true" on_blocking="true" thickness="10/10">
		<alternate> <item id="11059" chance="30"/> </alternate> <!-- south -->
		<alternate> <item id="11058" chance="30"/> </alternate>
	</brush>

	<brush name="Dragon throne" type="doodad" server_lookid="10286" draggable="true" on_blocking="true" thickness="10/10">
		<alternate> <item id="10286" chance="30"/> </alternate> <!-- south -->
		<alternate> <item id="10287" chance="30"/> </alternate>
	</brush>

	<brush name="Chairs" type="doodad" server_lookid="11802" draggable="true" on_blocking="true" thickness="10/10">
		<alternate> <item id="11802" chance="30"/> </alternate> <!-- south -->
		<alternate> <item id="11801" chance="30"/> </alternate> <!-- east -->
		<alternate> <item id="11800" chance="30"/> </alternate> <!-- north -->
		<alternate> <item id="11803" chance="30"/> </alternate> <!-- west -->
	</brush>

	<brush name="Chest" type="doodad" server_lookid="4073" draggable="true" on_blocking="true" thickness="10/10">
		<alternate> <item id="4073" chance="30"/> </alternate> <!-- south -->
		<alternate> <item id="4077" chance="30"/> </alternate>
	</brush>

	<brush name="Chest1" type="doodad" server_lookid="12763" draggable="true" on_blocking="true" thickness="10/10">
		<alternate> <item id="12763" chance="30"/> </alternate> <!-- south -->
		<alternate> <item id="12764" chance="30"/> </alternate>
	</brush>

	<brush name="interior" type="doodad" server_lookid="11812" draggable="true" on_blocking="true" thickness="10/10">
		<alternate> <item id="11812" chance="30"/> </alternate> <!-- south -->
		<alternate> <item id="11813" chance="30"/> </alternate>
	</brush>

	<brush name="weaponwall" type="doodad" server_lookid="11092" draggable="true" on_blocking="true" thickness="10/10">
		<alternate> <item id="11092" chance="30"/> </alternate> <!-- south -->
		<alternate> <item id="11097" chance="30"/> </alternate>
	</brush>

	<brush name="Statue" type="doodad" server_lookid="11696" draggable="true" on_blocking="true" thickness="10/10">
		<alternate> <item id="11696" chance="30"/> </alternate> <!-- south -->
		<alternate> <item id="11697" chance="30"/> </alternate>
	</brush>

	<brush name="statue2" type="doodad" server_lookid="11086" draggable="true" on_blocking="true" thickness="10/10">
		<alternate> <item id="11086" chance="30"/> </alternate> <!-- south -->
		<alternate> <item id="11087" chance="30"/> </alternate>
	</brush>

	<brush name="statue3" type="doodad" server_lookid="11083" draggable="true" on_blocking="true" thickness="10/10">
		<alternate> <item id="11083" chance="30"/> </alternate> <!-- south -->
		<alternate> <item id="11084" chance="30"/> </alternate>
	</brush>

	<brush name="pillar stone" type="doodad" server_lookid="11865" draggable="true" on_blocking="true" thickness="10/10">
		<alternate> <item id="11865" chance="30"/> </alternate> <!-- south -->
	</brush>

	<brush name="weaponwall2" type="doodad" server_lookid="11184" draggable="true" on_blocking="true" thickness="10/10">
		<alternate> <item id="11184" chance="30"/> </alternate> <!-- south -->
		<alternate> <item id="11182" chance="30"/> </alternate>
	</brush>

	<brush name="weaponwall3" type="doodad" server_lookid="11089" draggable="true" on_blocking="true" thickness="10/10">
		<alternate> <item id="11089" chance="30"/> </alternate> <!-- south -->
		<alternate> <item id="11094" chance="30"/> </alternate>
	</brush>

	<brush name="Dragonlight" type="doodad" server_lookid="11253" draggable="true" on_blocking="true" thickness="10/10">
		<alternate> <item id="11253" chance="30"/> </alternate> <!-- south -->
		<alternate> <item id="11255" chance="30"/> </alternate>
	</brush>


	<brush name="Pillar" type="doodad" server_lookid="9134" draggable="true" on_blocking="true" thickness="10/10">
		<alternate> <item id="9134" chance="30"/> </alternate> <!-- south -->
	</brush>

	<brush name="pillar strange" type="doodad" server_lookid="11887" draggable="true" on_blocking="true" thickness="10/10">
		<alternate> <item id="11887" chance="30"/> </alternate> <!-- south -->
	</brush>

	<brush name="pillar strange2" type="doodad" server_lookid="11892" draggable="true" on_blocking="true" thickness="10/10">
		<alternate> <item id="11892" chance="30"/> </alternate> <!-- south -->
	</brush>

	<brush name="Pillar1" type="doodad" server_lookid="9137" draggable="true" on_blocking="true" thickness="10/10">
		<alternate> <item id="9137" chance="30"/> </alternate> <!-- south -->
	</brush>

	<brush name="pillar3" type="doodad" server_lookid="11007" draggable="true" on_blocking="true" thickness="10/10">
		<alternate> <item id="11007" chance="30"/> </alternate> <!-- south -->
	</brush>

	<brush name="Lava fountain" type="doodad" server_lookid="11506" draggable="true" on_blocking="true" thickness="100/100">
		<alternate>
			<composite chance="10">
				<tile x="0" y="0"> <item id="11506"/> </tile>
				<tile x="0" y="1"> <item id="11508"/> </tile>
				<tile x="1" y="0"> <item id="11507"/> </tile>
				<tile x="1" y="1"> <item id="11509"/> </tile>
			</composite>
		</alternate>
		</brush>

	<brush name="Bridge" type="doodad" server_lookid="10947" draggable="true" on_blocking="true" thickness="100/100">
		<alternate>
			<composite chance="10">
				<tile x="0" y="-1"> <item id="10942"/> </tile>
				<tile x="0" y="0"> <item id="10911"/> </tile>
				<tile x="0" y="1"> <item id="10947"/> </tile>
				<tile x="1" y="-1"> <item id="10943"/> </tile>
				<tile x="1" y="0"> <item id="10906"/> </tile>
				<tile x="1" y="1"> <item id="10948"/> </tile>
				<tile x="2" y="-1"> <item id="10944"/> </tile>
				<tile x="2" y="0"> <item id="10906"/> </tile>
				<tile x="2" y="1"> <item id="10949"/> </tile>
				<tile x="3" y="-1"> <item id="10945"/> </tile>
				<tile x="3" y="0"> <item id="10906"/> </tile>
				<tile x="3" y="1"> <item id="10950"/> </tile>
				<tile x="4" y="-1"> <item id="10946"/> </tile>
				<tile x="4" y="0"> <item id="10906"/> </tile>
				<tile x="4" y="1"> <item id="10951"/> </tile>
			</composite>
		</alternate>
		</brush>

	<brush name="hang1" type="doodad" server_lookid="11089" draggable="true" on_blocking="true" thickness="10/10">
		<alternate> <item id="10961" chance="30"/> </alternate> <!-- south -->
		<alternate> <item id="11094" chance="30"/> </alternate>
	</brush>

	<brush name="Blood Splatter" type="doodad" server_lookid="8816" draggable="true" on_blocking="true" thickness="10/10">
		<alternate> <item id="8816" chance="30"/> </alternate> <!-- south -->
		<alternate> <item id="8817" chance="30"/> </alternate>
	</brush>

	<brush name="Dragonbanner" type="doodad" server_lookid="10037" draggable="true" on_blocking="true" thickness="10/10">
		<alternate> <item id="10037" chance="30"/> </alternate> <!-- south -->
	</brush>

	<brush name="Dragonbannermark" type="doodad" server_lookid="10035" draggable="true" on_blocking="true" thickness="10/10">
		<alternate> <item id="10035" chance="30"/> </alternate> <!-- south -->
	</brush>

	<brush name="Dragonbannermark1" type="doodad" server_lookid="10036" draggable="true" on_blocking="true" thickness="10/10">
		<alternate> <item id="10036" chance="30"/> </alternate> <!-- south -->
	</brush>

	<brush name="Dragonbannermark2" type="doodad" server_lookid="10039" draggable="true" on_blocking="true" thickness="10/10">
		<alternate> <item id="10039" chance="30"/> </alternate> <!-- south -->
		<alternate> <item id="10040" chance="30"/> </alternate> <!-- south -->
	</brush>

	<brush name="Groundbanner" type="doodad" server_lookid="10094" draggable="true" on_blocking="true" thickness="10/10">
		<alternate> <item id="10094" chance="30"/> </alternate> <!-- south -->
	</brush>

	<brush name="Groundbanner2" type="doodad" server_lookid="10095" draggable="true" on_blocking="true" thickness="10/10">
		<alternate> <item id="10095" chance="30"/> </alternate> <!-- south -->
	</brush>

	<brush name="Groundbanner3" type="doodad" server_lookid="10096" draggable="true" on_blocking="true" thickness="10/10">
		<alternate> <item id="10096" chance="30"/> </alternate> <!-- south -->
	</brush>

	<brush name="Groundbanner4" type="doodad" server_lookid="10372" draggable="true" on_blocking="true" thickness="10/10">
		<alternate> <item id="10372" chance="30"/> </alternate> <!-- south -->
		<alternate> <item id="10374" chance="30"/> </alternate> <!-- south -->
	</brush>

	<brush name="Groundbanner5" type="doodad" server_lookid="10373" draggable="true" on_blocking="true" thickness="10/10">
		<alternate> <item id="10373" chance="30"/> </alternate> <!-- south -->
		<alternate> <item id="10375" chance="30"/> </alternate> <!-- south -->
	</brush>

	<brush name="Groundbanner6" type="doodad" server_lookid="10376" draggable="true" on_blocking="true" thickness="10/10">
		<alternate> <item id="10376" chance="30"/> </alternate> <!-- south -->
		<alternate> <item id="10377" chance="30"/> </alternate> <!-- south -->
	</brush>

	<brush name="Groundbanner7" type="doodad" server_lookid="10380" draggable="true" on_blocking="true" thickness="10/10">
		<alternate> <item id="10380" chance="30"/> </alternate> <!-- south -->
		<alternate> <item id="10381" chance="30"/> </alternate> <!-- south -->
	</brush>

	<brush name="Groundbanner8" type="doodad" server_lookid="11218" draggable="true" on_blocking="true" thickness="10/10">
		<alternate> <item id="11218" chance="30"/> </alternate> <!-- south -->
		<alternate> <item id="11215" chance="30"/> </alternate> <!-- south -->
	</brush>

	<brush name="Groundbanner9" type="doodad" server_lookid="11219" draggable="true" on_blocking="true" thickness="10/10">
		<alternate> <item id="11219" chance="30"/> </alternate> <!-- south -->
		<alternate> <item id="11216" chance="30"/> </alternate> <!-- south -->
	</brush>

	<brush name="golden figure" type="doodad" server_lookid="12465" draggable="true" on_blocking="true" thickness="10/10">
		<alternate> <item id="12465" chance="30"/> </alternate> <!-- south -->
		<alternate> <item id="12466" chance="30"/> </alternate> <!-- south -->
	</brush>

	<brush name="golden figure1" type="doodad" server_lookid="12468" draggable="true" on_blocking="true" thickness="10/10">
		<alternate> <item id="12468" chance="30"/> </alternate> <!-- south -->
		<alternate> <item id="12467" chance="30"/> </alternate> <!-- south -->
	</brush>

	<brush name="Dragonbannermark1" type="doodad" server_lookid="10036" draggable="true" on_blocking="true" thickness="10/10">
		<alternate> <item id="10036" chance="30"/> </alternate> <!-- south -->
	</brush>

	<brush name="Dragonbannermark1" type="doodad" server_lookid="10036" draggable="true" on_blocking="true" thickness="10/10">
		<alternate> <item id="10036" chance="30"/> </alternate> <!-- south -->
	</brush>

	<brush name="golden pillar" type="doodad" server_lookid="12476" draggable="true" on_blocking="true" thickness="10/10">
		<alternate> <item id="12476" chance="30"/> </alternate> <!-- south -->
	</brush>

	<brush name="strange chair" type="doodad" server_lookid="11010" draggable="true" on_blocking="true" thickness="10/10">
		<alternate> <item id="11010" chance="30"/> </alternate> <!-- south -->
		<alternate> <item id="11012" chance="30"/> </alternate> <!-- south -->
		<alternate> <item id="11011" chance="30"/> </alternate> <!-- south -->
		<alternate> <item id="11013" chance="30"/> </alternate> <!-- south -->
	</brush>

	<brush name="hangable flag" type="doodad" server_lookid="12438" draggable="true" on_blocking="true" thickness="10/10">
		<alternate> <item id="12438" chance="30"/> </alternate> <!-- south -->
		<alternate> <item id="12437" chance="30"/> </alternate> <!-- south -->
	</brush>

	<brush name="hangable flag1" type="doodad" server_lookid="10961" draggable="true" on_blocking="true" thickness="10/10">
		<alternate> <item id="10961" chance="30"/> </alternate> <!-- south -->
		<alternate> <item id="10962" chance="30"/> </alternate> <!-- south -->
	</brush>

	<brush name="hangable flag2" type="doodad" server_lookid="11816" draggable="true" on_blocking="true" thickness="10/10">
		<alternate> <item id="11816" chance="30"/> </alternate> <!-- south -->
		<alternate> <item id="11817" chance="30"/> </alternate> <!-- south -->
	</brush>

	<brush name="hangable flag3" type="doodad" server_lookid="10963" draggable="true" on_blocking="true" thickness="10/10">
		<alternate> <item id="10963" chance="30"/> </alternate> <!-- south -->
		<alternate> <item id="10964" chance="30"/> </alternate> <!-- south -->
	</brush>

    <brush name="Trollhair plants" type="doodad" server_lookid="9826" draggable="true" on_blocking="false" thickness="11/90">
        <item id="9826" chance="10"/>
        <item id="9824" chance="10"/>
        <item id="9825" chance="10"/>
    </brush>

    <brush name="pepper roots grass" type="doodad" server_lookid="9818" draggable="true" on_blocking="false" thickness="11/90">
        <item id="9818" chance="10"/>
        <item id="9819" chance="10"/>
    </brush>

    <brush name="necrotic grass" type="doodad" server_lookid="9890" draggable="true" on_blocking="false" thickness="11/90">
        <item id="9890" chance="10"/>
        <item id="9892" chance="10"/>
        <item id="9891" chance="10"/>
    </brush>

    <brush name="high grass" type="doodad" server_lookid="9997" draggable="true" on_blocking="false" thickness="11/90">
        <item id="9997" chance="10"/>
        <item id="9998" chance="10"/>
        <item id="9999" chance="10"/>
    </brush>

    <brush name="rice" type="doodad" server_lookid="10126" draggable="true" on_blocking="false" thickness="11/90">
        <item id="10126" chance="10"/>
        <item id="10127" chance="10"/>
        <item id="10128" chance="10"/>
        <item id="10129" chance="10"/>
        <item id="10130" chance="10"/>
        <item id="10131" chance="10"/>
        <item id="10132" chance="10"/>
    </brush>

<!-- TILESET -->

	<!-- NATURE -->
	<tileset name="Nature">
		<doodad>
			<brush name="Trollhair plants" after="normal fountain - off"/>
			<brush name="pepper roots grass" after="normal fountain - off"/>
			<brush name="necrotic grass" after="normal fountain - off"/>
			<brush name="high grass" after="normal fountain - off"/>
			<brush name="rice" after="normal fountain - off"/>
		</doodad>
	</tileset>

	<!-- EXTERIOR -->
	<tileset name="Exterior">
		<doodad>
			<brush name="rudder of the boat" after="normal fountain - off"/>
			<brush name="Lava fountain" after="normal fountain - off"/>
			<brush name="Bridge" after="normal fountain - off"/>
		</doodad>
	</tileset>

	<!-- INTERIOR -->
	<tileset name="Interior">
		<doodad>
			<brush name="weaponwall" after="normal fountain - off"/>
			<brush name="weaponwall2" after="normal fountain - off"/>
			<brush name="Chairs" after="normal fountain - off"/>
			<brush name="weaponwall3" after="normal fountain - off"/>
			<brush name="interior" after="normal fountain - off"/>
			<brush name="Chest1" after="normal fountain - off"/>
			<brush name="Dragon throne" after="normal fountain - off"/>
			<brush name="Chest" after="normal fountain - off"/>
			<brush name="strange chair" after="normal fountain - off"/>
		</doodad>
	</tileset>

	<!-- STATUES -->
	<tileset name="Statues">
		<doodad>
			<brush name="Statue" after="normal fountain - off"/>
			<brush name="statue2" after="normal fountain - off"/>
			<brush name="statue3" after="normal fountain - off"/>
			<brush name="golden figure" after="normal fountain - off"/>
			<brush name="golden figure1" after="normal fountain - off"/>
		</doodad>
	</tileset>

	<!-- TOWN -->
	<tileset name="Town">
		<terrain>
			<brush name="Brown floor" after="normal fountain - off"/>
			<brush name="strange floor" after="dark sandstone - on"/>
		</terrain>
	</tileset>

	<!-- SIGNS -->
	<tileset name="Signs">
		<doodad>
			<brush name="Sign with x" after="normal fountain - off"/>
		</doodad>
	</tileset>

	<!-- ARCHITECTURE -->
	<tileset name="Architecture">
		<doodad>
			<brush name="Street lamp" after="normal fountain - off"/>
			<brush name="pillar stone" after="normal fountain - off"/>
			<brush name="pillar strange" after="normal fountain - off"/>
			<brush name="pillar strange2" after="normal fountain - off"/>
			<brush name="lamp" after="normal fountain - off"/>
			<brush name="pillar3" after="normal fountain - off"/>
			<brush name="street lamp1" after="normal fountain - off"/>
			<brush name="Pillar" after="normal fountain - off"/>
			<brush name="Pillar1" after="normal fountain - off"/>
			<brush name="gates" after="normal fountain - off"/>
			<brush name="golden pillar" after="normal fountain - off"/>
		</doodad>
	</tileset>

	<!-- SPLASH -->
	<tileset name="Splash">
		<doodad>
			<brush name="Blood Splatter" after="normal fountain - off"/>
		</doodad>
	</tileset>

	<!-- HANGABLES -->
 	<tileset name="Hangables">
		<doodad>
			<brush name="Dragonlight" after="normal fountain - off"/>
		</doodad>
	</tileset>

	<!-- BANNERS -->
 	<tileset name="Banners">
		<doodad>
			<brush name="Dragonbanner" after="normal fountain - off"/>
			<brush name="Dragonbannermark" after="normal fountain - off"/>
			<brush name="Dragonbannermark1" after="normal fountain - off"/>
			<brush name="Dragonbannermark2" after="normal fountain - off"/>
			<brush name="Groundbanner" after="normal fountain - off"/>
			<brush name="Groundbanner2" after="normal fountain - off"/>
			<brush name="Groundbanner3" after="normal fountain - off"/>
			<brush name="Groundbanner4" after="normal fountain - off"/>
			<brush name="Groundbanner5" after="normal fountain - off"/>
			<brush name="Groundbanner6" after="normal fountain - off"/>
			<brush name="Groundbanner7" after="normal fountain - off"/>
			<brush name="Groundbanner8" after="normal fountain - off"/>
			<brush name="Groundbanner9" after="normal fountain - off"/>
			<brush name="hangable flag" after="normal fountain - off"/>
			<brush name="hangable flag1" after="normal fountain - off"/>
			<brush name="hangable flag2" after="normal fountain - off"/>
			<brush name="hangable flag3" after="normal fountain - off"/>
		</doodad>
	</tileset>
</materialsextension>
