<materialsextension
	name="New Walls"
	author="Bobany"
	authorurl="https://otland.net/members/bobany.3198/"
	description="Additional walls"
	client="8.10;8.20 - 8.31">

	<brush name="frozen wall" type="wall" server_lookid="6740">
		<wall type="horizontal">
			<item id="6740" chance="500"/>
			<door id="7033" type="normal" open="false"/>
			<door id="7035" type="normal" open="true"/>
			<door id="7036" type="locked" open="false"/>
			<door id="7037" type="locked" open="true"/>
			<door id="7038" type="quest" open="false"/>
			<door id="7039" type="quest" open="true"/>
			<door id="7040" type="magic" open="false"/>
			<door id="7041" type="magic" open="true"/>
			<door id="7051" type="hatch_window" open="false"/>
			<door id="7029" type="hatch_window" open="true"/>
			<door id="7029" type="window"/>
		</wall>
		<wall type="vertical">
			<item id="6739" chance="400"/>
			<door id="7042" type="normal" open="false"/>
			<door id="7044" type="normal" open="true"/>
			<door id="7045" type="locked" open="false"/>
			<door id="7046" type="locked" open="true"/>
			<door id="7047" type="quest" open="false"/>
			<door id="7048" type="quest" open="true"/>
			<door id="7049" type="magic" open="false"/>
			<door id="7050" type="magic" open="true"/>
			<door id="7052" type="hatch_window" open="false"/>
			<door id="7030" type="hatch_window" open="true"/>
			<door id="7030" type="window"/>
		</wall>
		<wall type="corner">
			<item id="6743" chance="1000"/>
		</wall>
		<wall type="pole">
			<item id="6741" chance="1000"/>
		</wall>
	</brush>

	<brush name="wooden railing" type="wall" server_lookid="5314">
		<wall type="horizontal">
			<item id="5314" chance="500"/>
			<door id="5317" type="normal" open="false"/>
		</wall>
		<wall type="vertical">
			<item id="5315" chance="400"/>
			<door id="5318" type="normal" open="false"/>
		</wall>
		<wall type="corner">
			<item id="5316" chance="1000"/>
			<door id="5319" type="normal" open="false"/>
		</wall>
		<wall type="pole">
			<item id="5520" chance="1000"/>
			<door id="5323" type="normal" open="false"/>
		</wall>
	</brush>

	<brush name="ice railing" type="wall" server_lookid="6956">
		<wall type="horizontal">
			<item id="6956" chance="500"/>
		</wall>
		<wall type="vertical">
			<item id="6964" chance="400"/>
		</wall>
		<wall type="corner">
			<item id="6955" chance="1000"/>
		</wall>
		<wall type="pole">
			<item id="6953" chance="1000"/>
		</wall>
	</brush>

	<brush name="white tent wall" type="wall" server_lookid="265">
		<wall type="horizontal">
			<item id="241" chance="500"/>
		</wall>
		<wall type="vertical">
			<item id="240" chance="400"/>
		</wall>
		<wall type="corner">
			<item id="265" chance="1000"/>
		</wall>
		<wall type="pole">
			<item id="248" chance="1000"/>
		</wall>
	</brush>

	<brush name="colored tent wall" type="wall" server_lookid="267">
		<wall type="horizontal">
			<item id="243" chance="500"/>
		</wall>
		<wall type="vertical">
			<item id="242" chance="400"/>
		</wall>
		<wall type="corner">
			<item id="267" chance="1000"/>
		</wall>
		<wall type="pole">
			<item id="248" chance="500"/>
		</wall>

		<friend name="white tent wall" redirect="true"/>
	</brush>

	<brush name="fishes" type="doodad" server_lookid="6984" draggable="true" on_blocking="true" thickness="60/100">
		<alternate>
			<item id="6984" chance="10"/>
		</alternate>
		<alternate>
			<item id="6985" chance="10"/>
		</alternate>
	</brush>

	<brush name="thorn bush" type="wall" server_lookid="3713">
		<wall type="pole">
			<item id="3716" chance="1"/>
		</wall>
		<wall type="horizontal">
			<item id="3718" chance="1"/>
		</wall>
		<wall type="vertical">
			<item id="3717" chance="1"/>
		</wall>
		<wall type="south end">          <item id="3721" chance="1"/> </wall>
		<wall type="east end">           <item id="3722" chance="1"/> </wall>
		<wall type="north end">          <item id="3711" chance="1"/> </wall>
		<wall type="west end">           <item id="3712" chance="1"/> </wall>
		<wall type="northeast diagonal"> <item id="3715" chance="1"/> </wall>
		<wall type="northwest diagonal"> <item id="3716" chance="1"/> </wall>
		<wall type="southeast diagonal"> <item id="3713" chance="1"/> </wall>
		<wall type="southwest diagonal"> <item id="3714" chance="1"/> </wall>
	</brush>

	<tileset name="Town">
		<terrain>
			<brush name="wooden railing" after="dark fence"/>
		</terrain>
	</tileset>

	<tileset name="Snow">
		<terrain>
			<brush name="frozen wall"/>
			<brush name="ice railing"/>
		</terrain>
	</tileset>

	<tileset name="Exterior">
		<doodad>
			<brush name="white tent wall" after="garish striped tent"/>
			<brush name="colored tent wall" after="garish striped tent"/>

			<brush name="fishes"/>
		</doodad>
	</tileset>

	<tileset name="Nature">
		<doodad>
			<brush name="thorn bush"/>
		</doodad>
	</tileset>
</materialsextension>
