<materialsextension
	name="Sample Extension"
	url="https://remeresmapeditor.com/"
	author="Remere"
	authorurl="https://twitter.com/leremere"
	description="This adds a new doodad brush and modifies an old one."
	client="8.00;8.20 - 8.31">

	<brush name="rudder of the boat" type="doodad" server_lookid="1752" draggable="true" on_blocking="true" thickness="10/10">
		<alternate> <item id="1752" chance="30"/> </alternate> <!-- south -->
		<alternate> <item id="1753" chance="30"/> </alternate> <!-- east -->
		<alternate> <item id="1754" chance="30"/> </alternate> <!-- north -->
		<alternate> <item id="1751" chance="30"/> </alternate> <!-- west -->
	</brush>

	<tileset name="Exterior">
		<doodad>
			<brush name="rudder of the boat" after="normal fountain - off"/>
		</doodad>
	</tileset>
</materialsextension>
