<materialsextension
	name="All Sort Of Things"
	url="https://otland.net/threads/extension-9-10-remere-map-editor-ver-2-2-walls-grounds-doodads-extensions.163329/"
	author="Edgar (SlayingWorld)"
	authorurl="https://otland.net/members/slaying-world.36678/"
	description="New brushes etc"
	client="9.10">

	<border id="8173"> <!-- New Sand -->
		<borderitem edge="n"    item="9539"/>
		<borderitem edge="s"    item="9540"/>
		<borderitem edge="w"    item="9541"/>
		<borderitem edge="e"    item="9542"/>
		<borderitem edge="cnw"  item="9545"/>
		<borderitem edge="cse"  item="9543"/>
		<borderitem edge="csw"  item="9544"/>
		<borderitem edge="cne"  item="9546"/>
		<borderitem edge="dnw"  item="9548"/>
		<borderitem edge="dsw"  item="9550"/>
		<borderitem edge="dne"  item="9547"/>
		<borderitem edge="dse"  item="9549"/>
	</border>
	<border id="8174"> <!-- Riverbed -->
		<borderitem edge="n"    item="10236"/>
		<borderitem edge="s"    item="10162"/>
		<borderitem edge="w"    item="10163"/>
		<borderitem edge="e"    item="10161"/>
		<borderitem edge="cnw"  item="10167"/>
		<borderitem edge="cse"  item="10165"/>
		<borderitem edge="csw"  item="10166"/>
		<borderitem edge="cne"  item="10164"/>
		<borderitem edge="dnw"  item="10171"/>
		<borderitem edge="dsw"  item="10170"/>
		<borderitem edge="dne"  item="10168"/>
		<borderitem edge="dse"  item="10169"/>
	</border>
	<border id="8175"> <!-- Strange Mud -->
		<borderitem edge="n"    item="10248"/>
		<borderitem edge="s"    item="10249"/>
		<borderitem edge="w"    item="10251"/>
		<borderitem edge="e"    item="10250"/>
		<borderitem edge="cnw"  item="10255"/>
		<borderitem edge="cse"  item="10252"/>
		<borderitem edge="csw"  item="10253"/>
		<borderitem edge="cne"  item="10254"/>
		<borderitem edge="dnw"  item="10258"/>
		<borderitem edge="dsw"  item="10257"/>
		<borderitem edge="dne"  item="10259"/>
		<borderitem edge="dse"  item="10256"/>
	</border>
	<border id="8176"> <!-- Rice Pad -->
		<borderitem edge="n"    item="10114"/>
		<borderitem edge="s"    item="10115"/>
		<borderitem edge="w"    item="10116"/>
		<borderitem edge="e"    item="10117"/>
		<borderitem edge="cnw"  item="10121"/>
		<borderitem edge="cse"  item="10118"/>
		<borderitem edge="csw"  item="10119"/>
		<borderitem edge="cne"  item="10120"/>
		<borderitem edge="dnw"  item="10124"/>
		<borderitem edge="dsw"  item="10122"/>
		<borderitem edge="dne"  item="10125"/>
		<borderitem edge="dse"  item="10123"/>
	</border>
	<border id="8177"> <!-- Strange Mud II -->
		<borderitem edge="n"    item="10260"/>
		<borderitem edge="s"    item="10261"/>
		<borderitem edge="w"    item="10263"/>
		<borderitem edge="e"    item="10262"/>
		<borderitem edge="cnw"  item="10267"/>
		<borderitem edge="cse"  item="10264"/>
		<borderitem edge="csw"  item="10265"/>
		<borderitem edge="cne"  item="10266"/>
		<borderitem edge="dnw"  item="10270"/>
		<borderitem edge="dsw"  item="10269"/>
		<borderitem edge="dne"  item="10271"/>
		<borderitem edge="dse"  item="10268"/>
	</border>
	<border id="8178"> <!-- Lizard Figure Flooring -->
		<borderitem edge="n"    item="9941"/>
		<borderitem edge="s"    item="9940"/>
		<borderitem edge="w"    item="9943"/>
		<borderitem edge="e"    item="9942"/>
		<borderitem edge="cnw"  item="9950"/>
		<borderitem edge="cse"  item="9948"/>
		<borderitem edge="csw"  item="9949"/>
		<borderitem edge="cne"  item="9951"/>
		<borderitem edge="dnw"  item="9946"/>
		<borderitem edge="dsw"  item="9945"/>
		<borderitem edge="dne"  item="9947"/>
		<borderitem edge="dse"  item="9944"/>
	</border>
	<border id="8179"> <!-- Destroyed Blue Lizard Flooring -->
		<borderitem edge="n"    item="11406"/>
		<borderitem edge="s"    item="11405"/>
		<borderitem edge="w"    item="11408"/>
		<borderitem edge="e"    item="11407"/>
		<borderitem edge="cnw"  item="11415"/>
		<borderitem edge="cse"  item="11413"/>
		<borderitem edge="csw"  item="11414"/>
		<borderitem edge="cne"  item="11416"/>
		<borderitem edge="dnw"  item="11411"/>
		<borderitem edge="dsw"  item="11410"/>
		<borderitem edge="dne"  item="11412"/>
		<borderitem edge="dse"  item="11409"/>
	</border>
	<border id="8180"> <!-- Lizard Roof -->
		<borderitem edge="n"    item="9972"/>
		<borderitem edge="s"    item="9969"/>
		<borderitem edge="w"    item="9975"/>
		<borderitem edge="e"    item="9974"/>
		<borderitem edge="cnw"  item="9973"/>
		<borderitem edge="cse"  item="9968"/>
		<borderitem edge="csw"  item="9970"/>
		<borderitem edge="cne"  item="9971"/>
		<borderitem edge="dnw"  item="9979"/>
		<borderitem edge="dsw"  item="9977"/>
		<borderitem edge="dne"  item="9978"/>
		<borderitem edge="dse"  item="9976"/>
	</border>
	<border id="8182"> <!-- DIRT mountain inner border -->
		<borderitem edge="e"   item="1041"/>
		<borderitem edge="s"   item="1045"/>
		<borderitem edge="dse" item="1044"/>
	</border>
	<border id="8183"> <!-- DIRT mountain outter border -->
		<borderitem edge="e"   item="1041"/>
		<borderitem edge="s"   item="1045"/>
		<borderitem edge="cse" item="1036"/>
	</border>
	<border id="8184" type="optional"> <!-- DIRT mountain optional border -->
		<borderitem edge="n"   item="1027"/>
		<borderitem edge="e"   item="4747"/>
		<borderitem edge="s"   item="4748"/>
		<borderitem edge="w"   item="1026"/>
		<borderitem edge="cnw" item="1033"/>
		<borderitem edge="cne" item="1034"/>
		<borderitem edge="csw" item="1032"/>
		<borderitem edge="cse" item="7541"/>
		<borderitem edge="dnw" item="4429"/>
		<borderitem edge="dne" item="4431"/>
		<borderitem edge="dsw" item="4430"/>
		<borderitem edge="dse" item="4432"/>
	</border>
	<border id="8185"> <!-- New Pinkish Sand -->
		<borderitem edge="n"    item="9721"/>
		<borderitem edge="s"    item="9723"/>
		<borderitem edge="w"    item="9724"/>
		<borderitem edge="e"    item="9722"/>
		<borderitem edge="cnw"  item="9725"/>
		<borderitem edge="cse"  item="9728"/>
		<borderitem edge="csw"  item="9727"/>
		<borderitem edge="cne"  item="9726"/>
		<borderitem edge="dnw"  item="9729"/>
		<borderitem edge="dsw"  item="9731"/>
		<borderitem edge="dne"  item="9730"/>
		<borderitem edge="dse"  item="9732"/>
	</border>
	<border id="8186"> <!-- Acid -->
		<borderitem edge="n"    item="10595"/>
		<borderitem edge="s"    item="10593"/>
		<borderitem edge="w"    item="10596"/>
		<borderitem edge="e"    item="10594"/>
		<borderitem edge="cse"  item="10601"/>
		<borderitem edge="cnw"  item="10603"/>
		<borderitem edge="cne"  item="10604"/>
		<borderitem edge="csw"  item="10602"/>
		<borderitem edge="dse"  item="10599"/>
		<borderitem edge="dne"  item="10597"/>
		<borderitem edge="dsw"  item="10600"/>
		<borderitem edge="dnw"  item="10598"/>
	</border>
	<border id="8187"> <!-- Corrupt Rice Pad -->
		<borderitem edge="n"    item="10495"/>
		<borderitem edge="s"    item="10496"/>
		<borderitem edge="w"    item="10497"/>
		<borderitem edge="e"    item="10498"/>
		<borderitem edge="cnw"  item="10502"/>
		<borderitem edge="cse"  item="10499"/>
		<borderitem edge="csw"  item="10500"/>
		<borderitem edge="cne"  item="10501"/>
		<borderitem edge="dnw"  item="10505"/>
		<borderitem edge="dsw"  item="10503"/>
		<borderitem edge="dne"  item="10506"/>
		<borderitem edge="dse"  item="10504"/>
	</border>
	<border id="8188"> <!-- New Strange Mud -->
		<borderitem edge="n"    item="10536"/>
		<borderitem edge="s"    item="10538"/>
		<borderitem edge="w"    item="10537"/>
		<borderitem edge="e"    item="10539"/>
		<borderitem edge="cnw"  item="10542"/>
		<borderitem edge="cse"  item="10541"/>
		<borderitem edge="csw"  item="10540"/>
		<borderitem edge="cne"  item="10543"/>
		<borderitem edge="dnw"  item="10544"/>
		<borderitem edge="dsw"  item="10547"/>
		<borderitem edge="dne"  item="10545"/>
		<borderitem edge="dse"  item="10546"/>
	</border>
	<border id="8189"> <!-- New Strange Rock -->
		<borderitem edge="n"    item="10554"/>
		<borderitem edge="s"    item="10556"/>
		<borderitem edge="w"    item="10557"/>
		<borderitem edge="e"    item="10555"/>
		<borderitem edge="cnw"  item="10558"/>
		<borderitem edge="cse"  item="10561"/>
		<borderitem edge="csw"  item="10560"/>
		<borderitem edge="cne"  item="10559"/>
		<borderitem edge="dnw"  item="10562"/>
		<borderitem edge="dsw"  item="10564"/>
		<borderitem edge="dne"  item="10563"/>
		<borderitem edge="dse"  item="10565"/>
	</border>
	<border id="8190"> <!-- Brown Strange Mud -->
		<borderitem edge="n"    item="10819"/>
		<borderitem edge="s"    item="10821"/>
		<borderitem edge="w"    item="10820"/>
		<borderitem edge="e"    item="10822"/>
		<borderitem edge="cnw"  item="10829"/>
		<borderitem edge="cse"  item="10831"/>
		<borderitem edge="csw"  item="10832"/>
		<borderitem edge="cne"  item="10830"/>
		<borderitem edge="dnw"  item="10833"/>
		<borderitem edge="dsw"  item="10836"/>
		<borderitem edge="dne"  item="10834"/>
		<borderitem edge="dse"  item="10835"/>
	</border>
	<border id="8191" type="optional"> <!-- YA Strange Mud Optional -->
		<borderitem edge="n"   item="10848"/>
		<borderitem edge="e"   item="10849"/>
		<borderitem edge="s"   item="10850"/>
		<borderitem edge="w"   item="10851"/>
		<borderitem edge="cnw" item="10852"/>
		<borderitem edge="cne" item="10853"/>
		<borderitem edge="csw" item="10854"/>
		<borderitem edge="cse" item="10855"/>
		<borderitem edge="dnw" item="10856"/>
		<borderitem edge="dne" item="10857"/>
		<borderitem edge="dsw" item="10858"/>
		<borderitem edge="dse" item="10859"/>
	</border>
	<border id="8192"> <!-- Strange Black Mud -->
		<borderitem edge="n"    item="10773"/>
		<borderitem edge="s"    item="10775"/>
		<borderitem edge="w"    item="10776"/>
		<borderitem edge="e"    item="10774"/>
		<borderitem edge="cnw"  item="10777"/>
		<borderitem edge="cse"  item="10780"/>
		<borderitem edge="csw"  item="10779"/>
		<borderitem edge="cne"  item="10778"/>
		<borderitem edge="dnw"  item="10781"/>
		<borderitem edge="dsw"  item="10783"/>
		<borderitem edge="dne"  item="10782"/>
		<borderitem edge="dse"  item="10784"/>
	</border>
	<border id="351" type="optional"> <!-- Strange Black Mud Optional -->
		<borderitem edge="n"   item="10746"/>
		<borderitem edge="e"   item="10747"/>
		<borderitem edge="s"   item="10748"/>
		<borderitem edge="w"   item="10749"/>
		<borderitem edge="cnw" item="10750"/>
		<borderitem edge="cne" item="10751"/>
		<borderitem edge="csw" item="10752"/>
		<borderitem edge="cse" item="10753"/>
		<borderitem edge="dnw" item="10754"/>
		<borderitem edge="dne" item="10755"/>
		<borderitem edge="dsw" item="10756"/>
		<borderitem edge="dse" item="10757"/>
	</border>
	<border id="352"> <!-- New Dark Mud -->
		<borderitem edge="n"    item="12214"/>
		<borderitem edge="s"    item="12224"/>
		<borderitem edge="w"    item="12215"/>
		<borderitem edge="e"    item="12225"/>
		<borderitem edge="cnw"  item="12216"/>
		<borderitem edge="cse"  item="12219"/>
		<borderitem edge="csw"  item="12218"/>
		<borderitem edge="cne"  item="12217"/>
		<borderitem edge="dnw"  item="12220"/>
		<borderitem edge="dsw"  item="12222"/>
		<borderitem edge="dne"  item="12221"/>
		<borderitem edge="dse"  item="12223"/>
	</border>
	<border id="353"> <!-- Weird Beige Ground -->
		<borderitem edge="n"    item="12097"/>
		<borderitem edge="s"    item="12096"/>
		<borderitem edge="w"    item="12099"/>
		<borderitem edge="e"    item="12098"/>
		<borderitem edge="cnw"  item="12108"/>
		<borderitem edge="cse"  item="12104"/>
		<borderitem edge="csw"  item="12106"/>
		<borderitem edge="cne"  item="12110"/>
		<borderitem edge="dnw"  item="12102"/>
		<borderitem edge="dsw"  item="12101"/>
		<borderitem edge="dne"  item="12103"/>
		<borderitem edge="dse"  item="12100"/>
	</border>
	<border id="354"> <!-- Orange Weird Ground -->
		<borderitem edge="n"    item="12357"/>
		<borderitem edge="s"    item="12356"/>
		<borderitem edge="w"    item="12359"/>
		<borderitem edge="e"    item="12358"/>
		<borderitem edge="cnw"  item="12366"/>
		<borderitem edge="cse"  item="12364"/>
		<borderitem edge="csw"  item="12365"/>
		<borderitem edge="cne"  item="12367"/>
		<borderitem edge="dnw"  item="12362"/>
		<borderitem edge="dsw"  item="12361"/>
		<borderitem edge="dne"  item="12363"/>
		<borderitem edge="dse"  item="12360"/>
	</border>
	<border id="355"> <!-- Yellow Weird Ground -->
		<borderitem edge="n"    item="12345"/>
		<borderitem edge="s"    item="12083"/>
		<borderitem edge="w"    item="12346"/>
		<borderitem edge="e"    item="12084"/>
		<borderitem edge="cnw"  item="12353"/>
		<borderitem edge="cse"  item="12351"/>
		<borderitem edge="csw"  item="12352"/>
		<borderitem edge="cne"  item="12354"/>
		<borderitem edge="dnw"  item="12348"/>
		<borderitem edge="dsw"  item="12350"/>
		<borderitem edge="dne"  item="12347"/>
		<borderitem edge="dse"  item="12349"/>
	</border>

	<!-- Divider BORDERS&BRUSHES -->

	<!-- Grounds -->
	<brush name="New Muddy Sand" type="ground" server_lookid="9528" z-order="3100">
		<item id="9528" chance="70"/>
		<item id="9524" chance="70"/>
		<item id="9525" chance="70"/>
		<item id="9526" chance="70"/>
		<item id="9527" chance="70"/>
		<item id="9529" chance="70"/>
		<item id="9530" chance="70"/>
		<item id="9531" chance="70"/>
		<border align="outer" id="8173"/>
		<border align="inner" to="none" id="1"/>
	</brush>
	<brush name="Riverbed" type="ground" server_lookid="10160" z-order="3900">
		<item id="10160" chance="70"/>
		<border align="outer" id="8174"/>
	</brush>
	<brush name="Rice Pad" type="ground" server_lookid="10113" z-order="4500">
		<item id="10113" chance="70"/>
		<border align="outer" id="8176"/>
		<border align="inner" to="none" id="1"/>
	</brush>
	<brush name="Strange Mud" type="ground" server_lookid="10228" z-order="3001">
		<item id="10228" chance="70"/>
		<item id="10229" chance="5"/>
		<item id="10230" chance="5"/>
		<item id="10231" chance="5"/>
		<item id="10232" chance="5"/>
		<item id="10233" chance="5"/>
		<item id="10234" chance="5"/>
		<item id="10235" chance="5"/>
		<border align="outer" id="8175"/>
		<border align="inner" to="none" id="1"/>
	</brush>
	<brush name="Strange Mud II" type="ground" server_lookid="10237" z-order="3002">
		<item id="10237" chance="70"/>
		<item id="10238" chance="10"/>
		<item id="10239" chance="10"/>
		<item id="10240" chance="10"/>
		<item id="10241" chance="10"/>
		<item id="10242" chance="10"/>
		<item id="10243" chance="10"/>
		<border align="outer" id="8177"/>
		<border align="inner" to="none" id="1"/>
	</brush>
	<brush name="Lizard Figure Flooring" type="ground" server_lookid="9934" z-order="4500">
		<item id="9929" chance="95"/>
		<item id="9930" chance="3"/>
		<item id="9931" chance="3"/>
		<item id="9932" chance="3"/>
		<item id="9933" chance="3"/>
		<item id="9934" chance="3"/>
		<item id="9935" chance="3"/>
		<item id="9936" chance="3"/>
		<item id="9937" chance="3"/>
		<item id="9938" chance="3"/>
		<item id="9939" chance="3"/>
		<border align="outer" id="8178"/>
		<border align="inner" to="none" id="1"/>
	</brush>
	<brush name="Acid" type="ground" server_lookid="10592" z-order="3900">
		<item id="10592" chance="70"/>
		<border align="outer" id="8186"/>
	</brush>
	<brush name="Corrupt Rice Pad" type="ground" server_lookid="10494" z-order="4500">
		<item id="10494" chance="70"/>
		<border align="outer" id="8187"/>
		<border align="inner" to="none" id="1"/>
	</brush>
	<brush name="New Strange Mud" type="ground" server_lookid="10535" z-order="3005">
		<item id="10534" chance="30"/>
		<item id="10535" chance="30"/>
		<border align="outer" id="8188"/>
		<border align="inner" to="none" id="1"/>
	</brush>
	<brush name="New Strange Rock" type="ground" server_lookid="10549" z-order="3004">
		<item id="10549" chance="30"/>
		<item id="10550" chance="30"/>
		<item id="10551" chance="30"/>
		<item id="10552" chance="30"/>
		<item id="10553" chance="30"/>
		<border align="outer" id="8189"/>
		<border align="inner" to="none" id="1"/>
	</brush>
	<brush name="Destroyed Blue Lizard Flooring" type="ground" server_lookid="11420" z-order="3101">
		<item id="11417" chance="70"/>
		<item id="11418" chance="70"/>
		<item id="11419" chance="70"/>
		<item id="11420" chance="70"/>
		<item id="11421" chance="70"/>
		<item id="11422" chance="70"/>
		<item id="11423" chance="70"/>
		<item id="11424" chance="70"/>
		<item id="11425" chance="70"/>
		<border align="outer" id="8179"/>
		<border align="inner" to="none" id="1"/>
	</brush>
	<brush name="Lizard Roof" type="ground" server_lookid="9967" z-order="9000">
		<item id="9967" chance="100"/>
		<border align="outer" to="none" id="8180"/>
		<border align="outer" id="8180"/>
	</brush>
	<brush name="Lizard Stone Flooring new" type="ground" server_lookid="9849" z-order="9000">
		<item id="9849" chance="70"/>
		<item id="9850" chance="70"/>
		<item id="9851" chance="70"/>
		<item id="9852" chance="70"/>
		<item id="9853" chance="70"/>
		<item id="9855" chance="70"/>
		<item id="9856" chance="70"/>
		<item id="9857" chance="70"/>
	</brush>
	<brush name="Weird Red Figure Flooring" type="ground" server_lookid="11159" z-order="9000">
		<item id="11159" chance="70"/>
		<item id="11160" chance="70"/>
		<item id="11161" chance="70"/>
		<item id="11162" chance="70"/>
		<item id="11163" chance="70"/>
	</brush>
	<brush name="Weird Dark Figure Flooring" type="ground" server_lookid="11164" z-order="9000">
		<item id="11164" chance="70"/>
	</brush>
	<brush name="dirt mountain" type="ground" server_lookid="1011" z-order="9900">
		<item id="4427" chance="1"/>

		<border align="inner" to="none" id="8182"/>
		<border align="outer" to="none" id="8183"/>
		<border align="inner" id="8182"/>
		<border align="outer" id="8183"/>
		<optional id="8184"/>
	</brush>
	<brush name="New Pinkish Sand" type="ground" server_lookid="9720" z-order="3103">
		<item id="9720" chance="70"/>
		<border align="outer" id="8185"/>
		<border align="inner" to="none" id="1"/>
	</brush>
	<brush name="Brown Strange Mud" type="ground" server_lookid="10605" z-order="3105">
		<item id="10605" chance="70"/>
		<border align="outer" id="8190"/>
		<border align="inner" to="none" id="1"/>
		<optional id="8191"/>
	</brush>
	<brush name="Strange Black Mud" type="ground" server_lookid="10548" z-order="3106">
		<item id="10548" chance="70"/>
		<border align="outer" id="8192"/>
		<border align="inner" to="none" id="1"/>
		<optional id="351"/>
	</brush>
	<brush name="Weird Beige Ground" type="ground" server_lookid="12090" z-order="1">
		<item id="12090" chance="70"/>
		<item id="12091" chance="70"/>
		<item id="12092" chance="70"/>
		<item id="12093" chance="70"/>
		<item id="12094" chance="70"/>
		<item id="12095" chance="70"/>
		<border align="outer" id="353"/>
		<border align="inner" to="none" id="1"/>
	</brush>
	<brush name="New Dark Mud" type="ground" server_lookid="11942" z-order="3099">
		<item id="11942" chance="70"/>
		<border align="outer" id="352"/>
		<border align="inner" to="none" id="1"/>
	</brush>
	<brush name="Orange Weird Ground" type="ground" server_lookid="12379" z-order="3500">
		<item id="12379" chance="70"/>
		<item id="12380" chance="70"/>
		<item id="12381" chance="70"/>
		<item id="12382" chance="70"/>
		<item id="12383" chance="70"/>
		<item id="12384" chance="70"/>
		<item id="12385" chance="70"/>
		<item id="12386" chance="70"/>
		<border align="outer" id="354"/>
		<border align="inner" to="none" id="1"/>
	</brush>
	<brush name="Yellow Weird Ground" type="ground" server_lookid="12355" z-order="3500">
		<item id="12355" chance="70"/>
		<border align="outer" id="355"/>
		<border align="inner" to="none" id="1"/>
	</brush>

	<brush name="Wood I" type="ground" server_lookid="10900" z-order="900">
		<item id="10900" chance="70"/>
	</brush>
	<brush name="Wood II" type="ground" server_lookid="10901" z-order="9000">
		<item id="10901" chance="70"/>
	</brush>
	<brush name="Wood III" type="ground" server_lookid="10902" z-order="9000">
		<item id="10902" chance="70"/>
	</brush>
	<brush name="Wood IV" type="ground" server_lookid="10903" z-order="9000">
		<item id="10903" chance="70"/>
	</brush>
	<brush name="Wood V" type="ground" server_lookid="10904" z-order="900">
		<item id="10904" chance="70"/>
	</brush>
	<brush name="Wood VI" type="ground" server_lookid="10905" z-order="9000">
		<item id="10906" chance="70"/>
	</brush>
	<brush name="Wood VII" type="ground" server_lookid="10907" z-order="9000">
		<item id="10907" chance="70"/>
	</brush>
	<brush name="Glowing Switch" type="ground" server_lookid="10145" z-order="9100">
		<item id="10145" chance="100"/>
	</brush>

	<!-- Walls -->
	<brush name="Lizard Roof Wall" type="wall" server_lookid="9734">
		<wall type="horizontal">
			<item id="9734" chance="500"/>
			<item id="9736" chance="0"/> <!-- This needs to be here for backwards compatibility -->
			<item id="9768" chance="0"/> <!-- This needs to be here for backwards compatibility -->
			<!--<door id="9858" type="normal" open="false"/>
			<door id="9859" type="normal" open="false"/>
			<door id="9860" type="normal" open="true"/>
			<door id="6254" type="locked" open="false"/>
			<door id="6255" type="locked" open="true"/>
			<door id="6260" type="quest" open="false"/>
			<door id="6261" type="quest" open="true"/>
			<door id="6264" type="magic" open="false"/>
			<door id="6265" type="magic" open="true"/> -->
			<door id="10148" type="hatch_window" open="false"/>
			<!--<door id="6445" type="hatch_window" open="true"/>-->
			<door id="10147" type="window"/>
		</wall>
		<wall type="vertical">
			<item id="9733" chance="400"/>
			<item id="9756" chance="0"/> <!-- This needs to be here for backwards compatibility -->
			<item id="9762" chance="0"/> <!-- This needs to be here for backwards compatibility -->
			<!--<door id="6248" type="normal" open="false"/>
			<door id="6249" type="normal" open="false"/>
			<door id="6250" type="normal" open="true"/>
			<door id="6254" type="locked" open="false"/>
			<door id="6255" type="locked" open="true"/>
			<door id="6258" type="quest" open="false"/>
			<door id="6259" type="quest" open="true"/>
			<door id="6262" type="magic" open="false"/>
			<door id="6263" type="magic" open="true"/>-->
			<door id="10154" type="hatch_window" open="false"/>
			<!--<door id="6446" type="hatch_window" open="true"/> -->
			<door id="10153" type="window"/>
		</wall>
		<wall type="corner">
			<item id="9737" chance="1000"/>
			<item id="9759" chance="0"/> <!-- This needs to be here for backwards compatibility -->
			<item id="9765" chance="0"/> <!-- This needs to be here for backwards compatibility -->
			<item id="9771" chance="0"/> <!-- This needs to be here for backwards compatibility -->
		</wall>
		<wall type="pole">
			<item id="10284" chance="1000"/>
		</wall>
	</brush>
	<brush name="Lizard Fortess Wall" type="wall" server_lookid="9747">
		<wall type="horizontal">
			<item id="9747" chance="500"/>
			<item id="9747" chance="0"/>
			<item id="9747" chance="0"/>
			<item id="9747" chance="100"/>
			<item id="9747" chance="100"/>
		</wall>
		<wall type="vertical">
			<item id="9745" chance="500"/>
			<item id="9745" chance="0"/>
			<item id="9745" chance="0"/>
			<item id="9745" chance="100"/>
			<item id="9745" chance="100"/>
		</wall>
		<wall type="corner">
			<item id="9751" chance="1000"/>
			<item id="9751" chance="0"/>
			<item id="9751" chance="0"/>
			<item id="9751" chance="0"/>
		</wall>
		<wall type="pole">
			<item id="9735" chance="500"/>
		</wall>
	</brush>
	<brush name="Lizard Wall" type="wall" server_lookid="9746">
		<wall type="horizontal">
			<item id="9746" chance="500"/>
			<item id="9748" chance="0"/>
			<item id="9769" chance="0"/>
			<door id="9859" type="normal" open="false"/>
			<door id="9860" type="normal" open="true"/>
			<door id="9863" type="magic" open="false"/>
			<door id="9865" type="quest" open="false"/>
			<door id="10149" type="hatch_window" open="false"/>
			<door id="10150" type="window"/>
		</wall>
		<wall type="vertical">
			<item id="9757" chance="500"/>
			<item id="9763" chance="0"/>
			<item id="9744" chance="0"/>
			<door id="9867" type="normal" open="false"/>
			<door id="9869" type="normal" open="true"/>
			<door id="9872" type="magic" open="false"/>
			<door id="9874" type="quest" open="false"/>
			<door id="10155" type="hatch_window" open="false"/>
			<door id="10156" type="window"/>
		</wall>
		<wall type="corner">
			<item id="9750" chance="1000"/>
			<item id="9760" chance="0"/>
			<item id="9766" chance="0"/>
			<item id="9772" chance="0"/>
		</wall>
		<wall type="pole">
			<item id="10285" chance="500"/>
		</wall>
	</brush>
	<brush name="Crystal Lizard Wall" type="wall" server_lookid="10982">
		<wall type="horizontal">
			<item id="10982" chance="500"/>
			<item id="10982" chance="0"/>
			<item id="10982" chance="0"/>
			<door id="11005" type="normal" open="false"/>
			<door id="11232" type="quest" open="false"/>
			<door id="11272" type="window"/>
		</wall>
		<wall type="vertical">
			<item id="10981" chance="500"/>
			<item id="10981" chance="0"/>
			<item id="10981" chance="0"/>
			<door id="11004" type="normal" open="false"/>
			<door id="11242" type="quest" open="false"/>
			<door id="10992" type="window"/>
		</wall>
		<wall type="corner">
			<item id="10985" chance="1000"/>
			<item id="10985" chance="0"/>
			<item id="10985" chance="0"/>
			<item id="10985" chance="0"/>
		</wall>
		<wall type="pole">
			<item id="10983" chance="500"/>
		</wall>
	</brush>
	<brush name="Crystal Lizard Railing" type="wall" server_lookid="10990">
		<wall type="horizontal">
			<item id="10990" chance="500"/>
		</wall>
		<wall type="vertical">
			<item id="10988" chance="500"/>
		</wall>
		<wall type="corner">
			<item id="10987" chance="1000"/>
		</wall>
		<wall type="pole">
			<item id="11274" chance="500"/>
		</wall>
	</brush>
	<brush name="Lizard snakeless Railing" type="wall" server_lookid="9774">
		<wall type="horizontal">
			<item id="9774" chance="500"/>
		</wall>
		<wall type="vertical">
			<item id="9775" chance="500"/>
		</wall>
		<wall type="corner">
			<item id="9776" chance="1000"/>
		</wall>
		<wall type="pole">
			<item id="9780" chance="500"/>
		</wall>
	</brush>
	<brush name="Lizard snake Railing" type="wall" server_lookid="9777">
		<wall type="horizontal">
			<item id="9777" chance="500"/>
		</wall>
		<wall type="vertical">
			<item id="9778" chance="500"/>
		</wall>
		<wall type="corner">
			<item id="9779" chance="1000"/>
		</wall>
		<wall type="pole">
			<item id="9781" chance="500"/>
		</wall>
	</brush>

	<brush name="Abomination Wall" type="wall" server_lookid="10878">
		<wall type="horizontal">
			<item id="10878" chance="500"/>
			<item id="10891" chance="500"/>
			<item id="10892" chance="500"/>
			<item id="10897" chance="500"/>
			<item id="10898" chance="500"/>
			<item id="10899" chance="500"/>
			<door id="10955" type="normal" open="false"/>
			<door id="10952" type="window"/>
		</wall>
		<wall type="vertical">
			<item id="10877" chance="500"/>
			<item id="10888" chance="500"/>
			<item id="10889" chance="500"/>
			<item id="10890" chance="500"/>
			<item id="10894" chance="500"/>
			<item id="10895" chance="500"/>
			<item id="10896" chance="500"/>
			<door id="10957" type="normal" open="false"/>
			<door id="10953" type="window"/>
		</wall>
		<wall type="corner">
			<item id="10881" chance="1000"/>
			<item id="10881" chance="0"/>
			<item id="10881" chance="0"/>
			<item id="10881" chance="0"/>
		</wall>
		<wall type="pole">
			<item id="10879" chance="500"/>
		</wall>
	</brush>

	<!-- Doodads -->
	<brush name="Yellow Grass" type="doodad" server_lookid="9820" draggable="true" on_blocking="false" thickness="20/90">
		<item id="9820" chance="10"/>
		<item id="9821" chance="10"/>
		<item id="9822" chance="10"/>
		<item id="9823" chance="10"/>
		<item id="9824" chance="9"/>
	</brush>
	<brush name="Zao Yellow Flora" type="doodad" server_lookid="9826" draggable="true" on_blocking="false" thickness="20/90">
		<item id="9811" chance="10"/>
		<item id="9812" chance="5"/>
		<item id="9817" chance="10"/>
		<item id="9818" chance="50"/>
		<item id="9819" chance="40"/>
		<item id="9825" chance="10"/>
		<item id="9826" chance="50"/>
		<item id="9846" chance="40"/>
		<item id="9847" chance="30"/>
		<item id="9996" chance="10"/>
	</brush>
	<brush name="Walkable Stones" type="doodad" server_lookid="8813" draggable="true" on_blocking="false" thickness="90/90">
		<item id="8813" chance="10"/>
		<item id="8812" chance="10"/>
	</brush>
	<brush name="Zao Corrupt Flora" type="doodad" server_lookid="9886" draggable="true" on_blocking="false" thickness="20/90">
		<item id="9885" chance="10"/>
		<item id="9886" chance="10"/>
		<item id="9887" chance="10"/>
		<item id="9888" chance="10"/>
		<item id="9889" chance="10"/>
		<item id="9890" chance="50"/>
		<item id="9891" chance="50"/>
		<item id="9892" chance="50"/>
		<item id="9894" chance="10"/>
		<item id="9896" chance="10"/>
		<item id="9899" chance="10"/>
		<item id="9900" chance="10"/>
		<item id="9871" chance="10"/>
		<item id="9876" chance="10"/>
		<item id="9959" chance="10"/>
		<composite chance="10">
			<tile x="0" y="0">
				<item id="9881"/>
			</tile>
			<tile x="1" y="0">
				<item id="9882"/>
			</tile>
			<tile x="0" y="1">
				<item id="9883"/>
			</tile>
			<tile x="1" y="1">
				<item id="9884"/>
			</tile>
		</composite>
		<composite chance="10">
			<tile x="0" y="0">
				<item id="9877"/>
			</tile>
			<tile x="1" y="0">
				<item id="9878"/>
			</tile>
			<tile x="0" y="1">
				<item id="9879"/>
			</tile>
			<tile x="1" y="1">
				<item id="9880"/>
			</tile>
		</composite>
	</brush>
	<brush name="Zao Alive Flora" type="doodad" server_lookid="9816" draggable="true" on_blocking="false" thickness="20/90">
		<item id="9813" chance="10"/>
		<item id="9814" chance="10"/>
		<item id="9815" chance="10"/>
		<item id="9816" chance="10"/>
		<item id="9952" chance="10"/>
		<item id="9997" chance="50"/>
		<item id="9998" chance="50"/>
		<item id="9999" chance="50"/>
		<item id="10000" chance="10"/>
		<item id="9995" chance="10"/>
	</brush>
	<brush name="Zao Bridge Finishing" type="doodad" server_lookid="11030" draggable="true" on_blocking="true" on_duplicate="true" thickness="100/100">
		<alternate> <item id="11030" chance="10"/> </alternate>
		<alternate> <item id="11031" chance="10"/> </alternate>
		<alternate> <item id="11032" chance="10"/> </alternate>
		<alternate> <item id="11033" chance="10"/> </alternate>
	</brush>
	<brush name="Corrupt Rice Plant" type="doodad" server_lookid="10807" draggable="true" on_blocking="false" on_duplicate="true" thickness="100/100">
		<alternate> <item id="10807" chance="10"/> </alternate>
		<alternate> <item id="10808" chance="10"/> </alternate>
		<alternate> <item id="10809" chance="10"/> </alternate>
		<alternate> <item id="10810" chance="10"/> </alternate>
		<alternate> <item id="10811" chance="10"/> </alternate>
		<alternate> <item id="10812" chance="10"/> </alternate>
		<alternate> <item id="10813" chance="10"/> </alternate>
		<alternate> <item id="10814" chance="10"/> </alternate>
	</brush>
	<brush name="Rice Plant" type="doodad" server_lookid="10126" draggable="true" on_blocking="false" on_duplicate="true" thickness="100/100">
		<alternate> <item id="10126" chance="10"/> </alternate>
		<alternate> <item id="10127" chance="10"/> </alternate>
		<alternate> <item id="10128" chance="10"/> </alternate>
		<alternate> <item id="10129" chance="10"/> </alternate>
		<alternate> <item id="10130" chance="10"/> </alternate>
		<alternate> <item id="10131" chance="10"/> </alternate>
		<alternate> <item id="10132" chance="10"/> </alternate>
		<alternate> <item id="10133" chance="10"/> </alternate>
	</brush>
	<brush name="Defensive Constructions I" type="doodad" server_lookid="9963" draggable="true" on_blocking="false" on_duplicate="true" thickness="100/100">
		<alternate> <item id="9963" chance="10"/> </alternate>
		<alternate> <item id="9964" chance="10"/> </alternate>
	</brush>
	<brush name="Defensive Constructions II" type="doodad" server_lookid="9965" draggable="true" on_blocking="false" on_duplicate="true" thickness="100/100">
		<alternate> <item id="9965" chance="10"/> </alternate>
		<alternate> <item id="9966" chance="10"/> </alternate>
	</brush>
	<brush name="Defensive Constructions III" type="doodad" server_lookid="10043" draggable="true" on_blocking="false" on_duplicate="true" thickness="100/100">
		<alternate> <item id="10043" chance="10"/> </alternate>
		<alternate> <item id="10044" chance="10"/> </alternate>
		<alternate> <item id="10045" chance="10"/> </alternate>
	</brush>
	<brush name="Gray Lizard Table" type="doodad" server_lookid="10050" draggable="true" on_blocking="false" on_duplicate="true" thickness="100/100">
		<alternate> <item id="10050" chance="10"/> </alternate>
		<alternate> <item id="10051" chance="10"/> </alternate>
	</brush>
	<brush name="Red Lizard Table" type="doodad" server_lookid="10052" draggable="true" on_blocking="false" on_duplicate="true" thickness="100/100">
		<alternate> <item id="10052" chance="10"/> </alternate>
		<alternate> <item id="10053" chance="10"/> </alternate>
	</brush>
	<brush name="Dragon Banner" type="doodad" server_lookid="10046" draggable="true" on_blocking="true" on_duplicate="true" thickness="100/100">
		<alternate> <item id="10046" chance="10"/> </alternate>
		<alternate> <item id="10047" chance="10"/> </alternate>
	</brush>
	<brush name="Red Banner" type="doodad" server_lookid="10048" draggable="true" on_blocking="true" on_duplicate="true" thickness="100/100">
		<alternate> <item id="10048" chance="10"/> </alternate>
		<alternate> <item id="10049" chance="10"/> </alternate>
	</brush>
	<brush name="Dragon Light ON" type="doodad" server_lookid="10057" draggable="true" on_blocking="true" on_duplicate="true" thickness="100/100">
		<alternate> <item id="10057" chance="10"/> </alternate>
		<alternate> <item id="10055" chance="10"/> </alternate>
	</brush>
	<brush name="Dragon Light OFF" type="doodad" server_lookid="10056" draggable="true" on_blocking="true" on_duplicate="true" thickness="100/100">
		<alternate> <item id="10054" chance="10"/> </alternate>
		<alternate> <item id="10056" chance="10"/> </alternate>
	</brush>
	<brush name="Lizard Weapon Rack" type="doodad" server_lookid="10062" draggable="true" on_blocking="false" on_duplicate="true" thickness="100/100">
		<alternate> <item id="10062" chance="10"/> </alternate>
		<alternate> <item id="10063" chance="10"/> </alternate>
		<alternate> <item id="10064" chance="10"/> </alternate>
		<alternate> <item id="10065" chance="10"/> </alternate>
		<alternate> <item id="10066" chance="10"/> </alternate>
		<alternate> <item id="10067" chance="10"/> </alternate>
	</brush>
	<brush name="New Lizard Weapons" type="doodad" server_lookid="11211" draggable="true" on_blocking="false" on_duplicate="true" thickness="100/100">
		<alternate> <item id="11211" chance="10"/> </alternate>
		<alternate> <item id="11210" chance="10"/> </alternate>
		<alternate> <item id="11212" chance="10"/> </alternate>
		<alternate> <item id="11213" chance="10"/> </alternate>
		<alternate> <item id="11214" chance="10"/> </alternate>
		<alternate> <item id="11215" chance="10"/> </alternate>
		<alternate> <item id="11216" chance="10"/> </alternate>
		<alternate> <item id="11217" chance="10"/> </alternate>
		<alternate> <item id="11218" chance="10"/> </alternate>
		<alternate> <item id="11219" chance="10"/> </alternate>
	</brush>
	<brush name="Zao New Corrupt Flora" type="doodad" server_lookid="10677" draggable="true" on_blocking="false" thickness="20/90">
		<item id="10672" chance="10"/>
		<item id="10673" chance="10"/>
		<item id="10674" chance="10"/>
		<item id="10675" chance="10"/>
		<item id="10676" chance="10"/>
		<item id="10677" chance="10"/>
		<item id="10678" chance="10"/>
		<item id="10679" chance="10"/>
		<item id="10680" chance="10"/>
		<item id="10681" chance="10"/>
		<item id="10682" chance="10"/>
		<item id="10683" chance="10"/>
		<item id="10684" chance="10"/>
	</brush>
	<brush name="Zao New Flora" type="doodad" server_lookid="10979" draggable="true" on_blocking="false" thickness="20/90">
		<item id="10975" chance="10"/>
		<item id="10976" chance="10"/>
		<item id="10977" chance="10"/>
		<item id="10978" chance="10"/>
		<item id="10979" chance="10"/>
		<item id="10980" chance="10"/>
		<item id="10981" chance="10"/>
		<item id="10982" chance="10"/>
		<item id="10983" chance="10"/>
		<item id="10982" chance="10"/>
		<item id="10985" chance="10"/>
		<item id="10986" chance="10"/>
		<item id="10987" chance="10"/>
	</brush>
	<brush name="Zao Black Peebles" type="doodad" server_lookid="10643" draggable="true" on_blocking="false" thickness="20/90">
		<item id="10643" chance="10"/>
		<item id="10644" chance="10"/>
		<item id="10645" chance="10"/>
		<item id="10646" chance="10"/>
		<item id="10647" chance="10"/>
		<item id="10648" chance="10"/>
		<item id="10649" chance="10"/>
		<item id="10650" chance="10"/>
		<item id="10651" chance="10"/>
	</brush>
	<brush name="Zao Acid Pools" type="doodad" server_lookid="10652" draggable="true" on_blocking="false" thickness="20/90">
		<item id="10652" chance="10"/>
		<item id="10653" chance="10"/>
		<item id="10654" chance="10"/>
		<item id="10667" chance="10"/>
		<item id="10668" chance="10"/>
		<item id="10669" chance="10"/>
		<item id="10670" chance="10"/>
		<item id="10671" chance="10"/>
	</brush>
	<brush name="Green Nature Claws" type="doodad" server_lookid="9956" draggable="true" on_blocking="true" on_duplicate="true" thickness="100/100">
		<alternate> <item id="9956" chance="10"/> </alternate>
		<alternate> <item id="9955" chance="10"/> </alternate>
	</brush>
	<brush name="Yellow Nature Claws" type="doodad" server_lookid="9957" draggable="true" on_blocking="true" on_duplicate="true" thickness="100/100">
		<alternate> <item id="9957" chance="10"/> </alternate>
		<alternate> <item id="9958" chance="10"/> </alternate>
	</brush>
	<brush name="Yellow Strange Bush" type="doodad" server_lookid="9960" draggable="true" on_blocking="true" on_duplicate="true" thickness="100/100">
		<alternate> <item id="9960" chance="10"/> </alternate>
		<alternate> <item id="9961" chance="10"/> </alternate>
	</brush>
	<brush name="Green Strange Bush" type="doodad" server_lookid="9953" draggable="true" on_blocking="true" on_duplicate="true" thickness="100/100">
		<alternate> <item id="9953" chance="10"/> </alternate>
		<alternate> <item id="9954" chance="10"/> </alternate>
	</brush>
	<brush name="Dragon Throne" type="doodad" server_lookid="10033" draggable="true" on_blocking="true" on_duplicate="true" thickness="100/100">
		<alternate> <item id="10033" chance="10"/> </alternate>
		<alternate> <item id="10034" chance="10"/> </alternate>
	</brush>
	<brush name="Red Banners" type="doodad" server_lookid="10035" draggable="true" on_blocking="true" on_duplicate="true" thickness="100/100">
		<alternate> <item id="10035" chance="10"/> </alternate>
		<alternate> <item id="10036" chance="10"/> </alternate>
		<alternate> <item id="10037" chance="10"/> </alternate>
		<alternate> <item id="10038" chance="10"/> </alternate>
		<alternate> <item id="10093" chance="10"/> </alternate>
		<alternate> <item id="10095" chance="10"/> </alternate>
	</brush>
	<brush name="Purple Banners" type="doodad" server_lookid="10039" draggable="true" on_blocking="true" on_duplicate="true" thickness="100/100">
		<alternate> <item id="10039" chance="10"/> </alternate>
		<alternate> <item id="10040" chance="10"/> </alternate>
		<alternate> <item id="10041" chance="10"/> </alternate>
		<alternate> <item id="10042" chance="10"/> </alternate>
		<alternate> <item id="10092" chance="10"/> </alternate>
		<alternate> <item id="10094" chance="10"/> </alternate>
	</brush>
	<brush name="Dark Banners" type="doodad" server_lookid="10372" draggable="true" on_blocking="true" on_duplicate="true" thickness="100/100">
		<alternate> <item id="10372" chance="10"/> </alternate>
		<alternate> <item id="10373" chance="10"/> </alternate>
		<alternate> <item id="10374" chance="10"/> </alternate>
		<alternate> <item id="10375" chance="10"/> </alternate>
		<alternate> <item id="10376" chance="10"/> </alternate>
		<alternate> <item id="10377" chance="10"/> </alternate>
		<alternate> <item id="10380" chance="10"/> </alternate>
		<alternate> <item id="10381" chance="10"/> </alternate>
	</brush>
	<brush name="Zao Dark Tentacles" type="doodad" server_lookid="10696" draggable="true" on_blocking="false" thickness="20/90">
		<item id="10688" chance="10"/>
		<item id="10689" chance="10"/>
		<item id="10690" chance="10"/>
		<item id="10691" chance="10"/>
		<item id="10696" chance="50"/>
		<item id="10697" chance="40"/>
		<item id="10698" chance="50"/>
		<item id="10701" chance="40"/>
		<item id="10707" chance="10"/>
		<item id="10708" chance="10"/>
	</brush>
	<brush name="Bone Piles" type="doodad" server_lookid="10205" draggable="true" on_blocking="false" thickness="20/90">
		<item id="10205" chance="10"/>
		<composite chance="10">
			<tile x="0" y="0">
				<item id="10434"/>
			</tile>
			<tile x="1" y="0">
				<item id="10435"/>
			</tile>
			<tile x="1" y="1">
				<item id="10437"/>
			</tile>
			<tile x="0" y="1">
				<item id="10436"/>
			</tile>
		</composite>
	</brush>
	<brush name="Crane" type="doodad" server_lookid="3495" draggable="true" on_blocking="true" on_duplicate="true" thickness="100/100">
		<alternate> <item id="3493" chance="10"/> </alternate>
		<alternate> <item id="3494" chance="10"/> </alternate>
		<alternate> <item id="3495" chance="10"/> </alternate>
		<alternate> <item id="3496" chance="10"/> </alternate>
	</brush>
	<brush name="Burning Skull" type="doodad" server_lookid="5020" draggable="true" on_blocking="true" on_duplicate="true" thickness="100/100">
		<alternate> <item id="5019" chance="10"/> </alternate>
		<alternate> <item id="5020" chance="10"/> </alternate>
	</brush>
	<brush name="Distilling Machine" type="doodad" server_lookid="5468" draggable="true" on_blocking="true" on_duplicate="true" thickness="100/100">
		<alternate> <item id="5468" chance="10"/> </alternate>
		<alternate> <item id="5469" chance="10"/> </alternate>
	</brush>
	<brush name="Carts" type="doodad" server_lookid="5543" draggable="true" on_blocking="true" on_duplicate="true" thickness="100/100">
		<alternate> <item id="5543" chance="10"/> </alternate>
		<alternate> <item id="5545" chance="10"/> </alternate>
		<alternate> <item id="5546" chance="10"/> </alternate>
		<alternate> <item id="5547" chance="10"/> </alternate>
	</brush>
	<brush name="Treasure Chest" type="doodad" server_lookid="5674" draggable="true" on_blocking="true" on_duplicate="true" thickness="100/100">
		<alternate> <item id="5674" chance="10"/> </alternate>
		<alternate> <item id="5675" chance="10"/> </alternate>
	</brush>
	<brush name="Sharks" type="doodad" server_lookid="5704" draggable="true" on_blocking="false" thickness="20/90">
		<item id="5704" chance="10"/>
		<item id="5738" chance="10"/>
		<item id="5705" chance="10"/>
	</brush>
	<brush name="Firefly" type="doodad" server_lookid="6494" draggable="true" on_blocking="false" thickness="20/90">
		<item id="6494" chance="10"/>
		<item id="6490" chance="10"/>
		<item id="6493" chance="10"/>
	</brush>
	<brush name="Hanging Skeleton" type="doodad" server_lookid="6523" draggable="true" on_blocking="true" on_duplicate="true" thickness="100/100">
		<alternate> <item id="6523" chance="10"/> </alternate>
		<alternate> <item id="6524" chance="10"/> </alternate>
	</brush>
	<brush name="Igloo Base" type="doodad" server_lookid="6753" draggable="true" on_blocking="true" thickness="100/100">
		<composite chance="10">
			<tile x="0" y="0"> <item id="6752"/> </tile>
			<tile x="0" y="1"> <item id="6751"/> </tile>
			<tile x="1" y="0"> <item id="6753"/> </tile>
			<tile x="1" y="1"> <item id="6750"/> </tile>
		</composite>
	</brush>
	<brush name="Barbarian Banner" type="doodad" server_lookid="6793" draggable="true" on_blocking="true" on_duplicate="true" thickness="100/100">
		<alternate> <item id="6793" chance="10"/> </alternate>
		<alternate> <item id="6794" chance="10"/> </alternate>
	</brush>
	<brush name="Geyser" type="doodad" server_lookid="7106" draggable="true" on_blocking="true" on_duplicate="true" thickness="100/100">
		<item id="7106" chance="10"/>
		<composite chance="10">
			<tile x="0" y="0"> <item id="7106"/> </tile>
			<tile x="0" y="0"> <item id="7108"/> </tile>
		</composite>
	</brush>

	<!-- Tileset Configs -->
	<tileset name="Cave">
		<terrain>
			<brush name="dirt mountain"/>
			<brush name="New Muddy Sand"/>
			<brush name="New Pinkish Sand"/>
			<brush name="Riverbed"/>
			<brush name="Strange Mud"/>
			<brush name="Strange Mud II"/>
			<brush name="Rice Pad"/>
			<brush name="Corrupt Rice Pad"/>
			<brush name="Lizard Figure Flooring"/>
			<brush name="Destroyed Blue Lizard Flooring"/>
			<brush name="Lizard Stone Flooring new"/>
			<brush name="Weird Red Figure Flooring"/>
			<brush name="Weird Dark Figure Flooring"/>
			<brush name="Lizard Roof"/>
			<brush name="Acid"/>
			<brush name="New Strange Rock"/>
			<brush name="New Strange Mud"/>
			<brush name="Brown Strange Mud"/>
			<brush name="Strange Black Mud"/>
			<brush name="Weird Beige Ground"/>
			<brush name="New Dark Mud"/>
			<brush name="Orange Weird Ground"/>
			<brush name="Yellow Weird Ground"/>
			<brush name="Crystal Lizard Wall"/>
			<brush name="Crystal Lizard Railing"/>
			<brush name="Lizard snakeless Railing"/>
			<brush name="Lizard snake Railing"/>
			<brush name="Abomination Wall"/>
		</terrain>
	</tileset>
	<tileset name="Town">
		<terrain>
			<brush name="Wood I"/>
			<brush name="Wood II"/>
			<brush name="Wood III"/>
			<brush name="Wood IV"/>
			<brush name="Wood V"/>
			<brush name="Wood VI"/>
			<brush name="Wood VII"/>
			<brush name="Glowing Switch"/>
			<brush name="Lizard Fortess Wall"/>
			<brush name="Lizard Roof Wall"/>
			<brush name="Lizard Wall"/>
		</terrain>
	</tileset>
	<tileset name="Nature">
		<doodad>
			<brush name="Yellow Grass"/>
			<brush name="Zao Yellow Flora"/>
			<brush name="Zao Corrupt Flora"/>
			<brush name="Zao Alive Flora"/>
			<brush name="Walkable Stones"/>
			<brush name="Corrupt Rice Plant"/>
			<brush name="Rice Plant"/>
		</doodad>
	</tileset>
	<tileset name="Exterior">
		<doodad>
			<brush name="Defensive Constructions I"/>
			<brush name="Defensive Constructions II"/>
			<brush name="Defensive Constructions III"/>
			<brush name="Gray Lizard Table"/>
			<brush name="Red Lizard Table"/>
			<brush name="Dragon Banner"/>
			<brush name="Red Banner"/>
			<brush name="Dragon Light ON"/>
			<brush name="Dragon Light OFF"/>
			<brush name="Lizard Weapon Rack"/>
			<brush name="New Lizard Weapons"/>
			<brush name="Zao New Corrupt Flora"/>
			<brush name="Zao New Flora"/>
			<brush name="Zao Black Pebbles"/>
			<brush name="Zao Acid Pools"/>
			<brush name="Green Nature Claws"/>
			<brush name="Yellow Nature Claws"/>
			<brush name="Yellow Strange Bush"/>
			<brush name="Green Strange Bush"/>
			<brush name="Dragon Throne"/>
			<item id="10096"/>
			<brush name="Red Banners"/>
			<brush name="Purple Banners"/>
			<brush name="Dark Banners"/>
			<brush name="Zao Dark Tentacles"/>
			<item id="10758"/>
			<brush name="Bone Piles"/>
			<brush name="Crane"/>
			<brush name="Burning Skull"/>
			<brush name="Distilling Machine"/>
			<brush name="Carts"/>
			<brush name="Treasure Chest"/>
			<item id="6389"/>
			<brush name="Sharks"/>
			<brush name="Firefly"/>
			<brush name="Hanging Skeleton"/>
		</doodad>
	</tileset>
	<tileset name="Creature Products">
		<doodad>
			<item fromid="9631" toid="9652"/>
			<item fromid="9654" toid="9668"/>
			<item fromid="9683" toid="9686"/>
			<item fromid="9688" toid="9694"/>
			<item fromid="10272" toid="10283"/>
			<item id="10289"/>
			<item fromid="10291" toid="10293"/>
			<item fromid="10295" toid="10321"/>
			<item id="10328"/>
			<item fromid="10404" toid="10405"/>
			<item fromid="10407" toid="10411"/>
			<item fromid="10413" toid="10418"/>
			<item id="10420"/>
			<item id="10444"/>
			<item id="10449"/>
			<item id="10450"/>
			<item fromid="10452" toid="10456"/>
			<item fromid="11443" toid="11458"/>
			<item fromid="11463" toid="11484"/>
			<item fromid="11486" toid="11493"/>
			<item fromid="11510" toid="11515"/>
			<item fromid="11658" toid="11661"/>
			<item fromid="11671" toid="11673"/>
			<item id="11680"/>
		</doodad>
	</tileset>
	<tileset name="Fansite Rewards">
		<item>
			<item id="2989"/>
			<item id="2991"/>
			<item id="2993"/>
			<item id="2994"/>
			<item id="8531"/>
			<item id="9027"/>
			<item id="9028"/>
			<item id="3209"/>
			<item id="3213"/>
			<item id="6579"/>
			<item id="3078"/>
			<item id="6566"/>
			<item id="6567"/>
			<item id="5080"/>
			<item id="3001"/>
			<item id="3002"/>
			<item id="5668"/>
			<item id="6491"/>
			<item id="6525"/>
			<item fromid="6534" toid="6537"/>
			<item fromid="6539" toid="6540"/>
			<item fromid="7393" toid="7401"/>
			<item id="902"/>
			<item fromid="940" toid="948"/>
			<item id="954"/>
			<item id="8146"/>
			<item id="8178"/>
			<item id="8191"/>
			<item id="8778"/>
			<item id="9041"/>
			<item id="9056"/>
			<item id="9068"/>
			<item id="9389"/>
			<item id="10198"/>
			<item id="10199"/>
			<item id="10290"/>
			<item id="10294"/>
			<item id="10419"/>
			<item id="10425"/>
			<item id="10429"/>
			<item fromid="12178" toid="12182"/>
		</item>
	</tileset>
	<tileset name="Exterior">
		<doodad>
			<item fromid="10072" toid="10081"/>
			<item fromid="9025" toid="9026"/>
			<item fromid="9029" toid="9038"/>
			<item fromid="8555" toid="8570"/>
			<item id="8615"/>
			<item id="8618"/>
		</doodad>
	</tileset>
	<tileset name="Statues">
		<doodad>
			<item fromid="10082" toid="10089"/>
			<item fromid="10029" toid="10032"/>
			<item fromid="9792" toid="9797"/>
			<item id="9625"/>
			<item fromid="9432" toid="9439"/>
			<item fromid="10172" toid="10179"/>
			<item id="11786"/>
			<item id="11787"/>
			<item fromid="11165" toid="11168"/>
			<item fromid="11205" toid="11206"/>
			<item fromid="11208" toid="11209"/>
		</doodad>
	</tileset>
	<tileset name="Architecture">
		<doodad>
			<item fromid="9780" toid="9782"/>
			<item fromid="10837" toid="10839"/>
			<item id="10841"/>
			<item id="10954"/>
			<item id="11427"/>
			<item fromid="10975" toid="10977"/>
			<item fromid="11007" toid="11008"/>
			<item fromid="11043" toid="11060"/>
			<item id="10141"/>
			<item fromid="11086" toid="11087"/>
			<item fromid="11202" toid="11213"/>
			<item fromid="11696" toid="11697"/>
			<item fromid="11861" toid="11869"/>
			<item fromid="11883" toid="11892"/>
		</doodad>
	</tileset>
	<tileset name="Bridges">
		<raw>
			<item fromid="2253" toid="2288"/>
			<item fromid="10912" toid="10951"/>
			<item fromid="10908" toid="10911"/>
		</raw>
	</tileset>
	<tileset name="Interior">
		<doodad>
			<item fromid="5471" toid="5474"/>
			<brush name="torture machine"/>
			<brush name="Hanging Skeleton"/>
		</doodad>
	</tileset>
	<tileset name="Snow">
		<doodad>
			<item fromid="6757" toid="6760"/>
			<brush name="Igloo Base"/>
			<item fromid="6754" toid="6756"/>
			<brush name="Barbarian Banner"/>
			<item id="6966"/>
			<brush name="Geyser"/>
		</doodad>
	</tileset>
</materialsextension>
