<materialsextension
	name="walls and railings"
	author="Marco/Heer Karel"
	authorurl="https://otland.net/members/karel.3338/"
	description="Walls and railing extension"
	client="8.00;8.10;8.20 - 8.31">

	<brush name="jungle stone wall" type="wall" server_lookid="1547">
		<wall type="horizontal">
			<item id="1547" chance="500"/>
			<item id="1546" chance="100"/>
			<item id="1544" chance="100"/>
		</wall>
		<wall type="vertical">
			<item id="1549" chance="400"/>
			<item id="1548" chance="100"/>
			<item id="1545" chance="100"/>
		</wall>
		<wall type="corner">
			<item id="1550" chance="1000"/>
		</wall>
		<wall type="pole">
			<item id="1551" chance="1000"/>
		</wall>
	</brush>

	<brush name="jungle stone wall ornamented" type="wall" server_lookid="1543">
		<wall type="horizontal">
			<item id="1543" chance="500"/>
			<item id="1559" chance="100"/>
			<item id="1558" chance="100"/>
		</wall>
		<wall type="vertical">
			<item id="1552" chance="500"/>
			<item id="1555" chance="100"/>
			<item id="1554" chance="100"/>
		</wall>
		<wall type="corner">
			<item id="1562" chance="1000"/>
		</wall>
		<wall type="pole">
			<item id="1553" chance="1000"/>
		</wall>
	</brush>

	<brush name="bone wall" type="wall" server_lookid="6395">
		<wall type="horizontal">
			<item id="6395" chance="500"/>
			<item id="6397" chance="100"/>
			<item id="6403" chance="100"/>
			<door id="6407" type="normal" open="false"/>
			<door id="6408" type="normal" open="true"/>
			<door id="6413" type="window"/>
		</wall>
		<wall type="vertical">
			<item id="6394" chance="400"/>
			<item id="6399" chance="100"/>
			<item id="6401" chance="100"/>
			<door id="6409" type="normal" open="false"/>
			<door id="6410" type="normal" open="true"/>
			<door id="6414" type="window"/>
		</wall>
		<wall type="corner">
			<item id="6398" chance="1000"/>
			<door id="6411" type="normal" open="false"/>
		</wall>
		<wall type="pole">
			<item id="6396" chance="1000"/>
		</wall>
	</brush>

	<brush name="bamboo wall" type="wall" server_lookid="1513">
		<wall type="horizontal">
			<item id="1513" chance="500"/>
			<item id="1515" chance="100"/>
			<item id="1521" chance="100"/>
			<door id="1682" type="normal" open="false"/>
			<door id="1683" type="normal" open="false"/>
			<door id="1684" type="normal" open="true"/>
			<door id="1685" type="locked" open="false"/>
			<door id="1686" type="locked" open="true"/>
			<door id="1687" type="quest" open="false"/>
			<door id="1688" type="quest" open="true"/>
			<door id="1689" type="magic" open="false"/>
			<door id="1690" type="magic" open="true"/>
			<door id="1538" type="window"/>
		</wall>
		<wall type="vertical">
			<item id="1512" chance="400"/>
			<item id="1517" chance="100"/>
			<item id="1519" chance="100"/>
			<door id="1691" type="normal" open="false"/>
			<door id="1692" type="normal" open="false"/>
			<door id="1693" type="normal" open="true"/>
			<door id="1694" type="locked" open="false"/>
			<door id="1695" type="locked" open="true"/>
			<door id="1696" type="quest" open="false"/>
			<door id="1697" type="quest" open="true"/>
			<door id="1698" type="magic" open="false"/>
			<door id="1699" type="magic" open="true"/>
			<door id="1541" type="window"/>
		</wall>
		<wall type="corner">
			<item id="1516" chance="1000"/>
		</wall>
		<wall type="pole">
			<item id="1514" chance="1000"/>
		</wall>
	</brush>

	<brush name="marble railing" type="wall" server_lookid="2222">
		<wall type="horizontal">
			<item id="2222" chance="500"/>
		</wall>
		<wall type="vertical">
			<item id="2224" chance="400"/>
		</wall>
		<wall type="corner">
			<item id="2228" chance="1000"/>
		</wall>
		<wall type="pole">
			<item id="2226" chance="1000"/>
		</wall>
	</brush>

	<brush name="ornamented marble railing" type="wall" server_lookid="2223">
		<wall type="horizontal">
			<item id="2223" chance="500"/>
		</wall>
		<wall type="vertical">
			<item id="2225" chance="400"/>
		</wall>
		<wall type="corner">
			<item id="2229" chance="1000"/>
		</wall>
		<wall type="pole">
			<item id="2227" chance="1000"/>
		</wall>
	</brush>

	<brush name="pillared marble railing" type="wall" server_lookid="2230">
		<wall type="horizontal">
			<item id="2230" chance="500"/>
		</wall>
		<wall type="vertical">
			<item id="2231" chance="400"/>
		</wall>
		<wall type="corner">
			<item id="2233" chance="1000"/>
		</wall>
		<wall type="pole">
			<item id="2232" chance="1000"/>
		</wall>
	</brush>

	<brush name="stone railing" type="wall" server_lookid="2162">
		<wall type="horizontal">
			<item id="2162" chance="500"/>
		</wall>
		<wall type="vertical">
			<item id="2164" chance="400"/>
		</wall>
		<wall type="corner">
			<item id="2168" chance="1000"/>
		</wall>
		<wall type="pole">
			<item id="2166" chance="1000"/>
		</wall>
	</brush>

	<brush name="metal wall" type="wall" server_lookid="1335">
		<wall type="horizontal">
			<item id="1335" chance="500"/>
			<item id="1337" chance="100"/>
			<item id="1343" chance="100"/>
		</wall>
		<wall type="vertical">
			<item id="1334" chance="400"/>
			<item id="1341" chance="100"/>
			<item id="5008" chance="100"/>
		</wall>
		<wall type="corner">
			<item id="1338" chance="1000"/>
		</wall>
		<wall type="pole">
			<item id="1336" chance="1000"/>
		</wall>
	</brush>

	<brush name="ornamented sandstone railing" type="wall" server_lookid="2209">
		<wall type="horizontal">
			<item id="2209" chance="500"/>
		</wall>
		<wall type="vertical">
			<item id="2211" chance="400"/>
		</wall>
		<wall type="corner">
			<item id="2215" chance="1000"/>
		</wall>
		<wall type="pole">
			<item id="2213" chance="1000"/>
		</wall>
	</brush>

	<brush name="sandstone railing" type="wall" server_lookid="2201">
		<wall type="horizontal">
			<item id="2201" chance="500"/>
		</wall>
		<wall type="vertical">
			<item id="2203" chance="400"/>
		</wall>
		<wall type="corner">
			<item id="2207" chance="1000"/>
		</wall>
		<wall type="pole">
			<item id="2205" chance="1000"/>
		</wall>
	</brush>

	<brush name="jungle stone railing" type="wall" server_lookid="1570">
		<wall type="horizontal">
			<item id="1570" chance="500"/>
		</wall>
		<wall type="vertical">
			<item id="1571" chance="400"/>
		</wall>
		<wall type="corner">
			<item id="1569" chance="1000"/>
		</wall>
		<wall type="pole">
			<item id="1572" chance="1000"/>
		</wall>
	</brush>

	<brush name="grass wall" type="wall" server_lookid="1586">
		<wall type="horizontal">
			<item id="1586" chance="500"/>
			<item id="1587" chance="100"/>
			<door id="1588" type="window"/>
		</wall>
		<wall type="vertical">
			<item id="1589" chance="400"/>
			<item id="1590" chance="100"/>
			<door id="1591" type="window"/>
		</wall>
		<wall type="corner">
			<item id="1592" chance="1000"/>
		</wall>
		<wall type="pole">
			<item id="1585" chance="1000"/>
		</wall>
	</brush>

	<brush name="thin bamboo wall" type="wall" server_lookid="2292">
		<wall type="horizontal">
			<item id="2292" chance="500"/>
		</wall>
		<wall type="vertical">
			<item id="2293" chance="400"/>
		</wall>
		<wall type="corner">
			<item id="2298" chance="1000"/>
		</wall>
		<wall type="pole">
			<item id="2297" chance="1000"/>
		</wall>
	</brush>

	<brush name="paravent wall" type="wall" server_lookid="1416">
		<wall type="horizontal">
			<item id="1416" chance="500"/>
		</wall>
		<wall type="vertical">
			<item id="1415" chance="400"/>
		</wall>
		<wall type="corner">
			<item id="1418" chance="1000"/>
		</wall>
		<wall type="pole">
			<item id="1417" chance="1000"/>
		</wall>
	</brush>

	<brush name="fiery wall" type="wall" server_lookid="1442">
		<wall type="horizontal">
			<item id="1442" chance="500"/>
			<item id="1444" chance="100"/>
			<item id="1448" chance="100"/>
		</wall>
		<wall type="vertical">
			<item id="1441" chance="400"/>
			<item id="1446" chance="100"/>
			<item id="5011" chance="100"/>
		</wall>
		<wall type="corner">
			<item id="1445" chance="1000"/>
		</wall>
		<wall type="pole">
			<item id="1443" chance="1000"/>
		</wall>
	</brush>

	<tileset name="Town">
		<terrain>
			<!-- walls -->
			<brush name="paravent wall" after="rock wall"/>
			<brush name="fiery wall" after="rock wall"/>
			<brush name="jungle stone wall" after="rock wall"/>
			<brush name="jungle stone wall ornamented" after="rock wall"/>
			<brush name="metal wall" after="rock wall"/>
			<brush name="bone wall" after="rock wall"/>
			<brush name="bamboo wall" after="rock wall"/>
			<brush name="thin bamboo wall" after="rock wall"/>
			<brush name="grass wall" after="rock wall"/>
			<!-- railings -->
			<brush name="marble railing" after="dark fence"/>
			<brush name="ornamented marble railing" after="dark fence"/>
			<brush name="pillared marble railing" after="dark fence"/>
			<brush name="stone railing" after="dark fence"/>
			<brush name="ornamented sandstone railing" after="dark fence"/>
			<brush name="sandstone railing" after="dark fence"/>
			<brush name="jungle stone railing" after="dark fence"/>
		</terrain>
	</tileset>

	<tileset name="Cave">
		<terrain>
			<!-- walls -->
			<brush name="fiery wall" after="rock wall"/>
			<brush name="metal wall" after="rock wall"/>
			<brush name="bone wall" after="rock wall"/>
		</terrain>
	</tileset>
</materialsextension>
