<materials>
	<tileset name="Magic Fields">
		<doodad>
			<!-- Magic Forcefield -->
			<brush name="something sparkling"/>
			<brush name="fire field (not decaying)"/>
			<brush name="poison field (not decaying)"/>
			<brush name="energy field (not decaying)"/>
			<brush name="fire field (decaying)"/>
			<brush name="burning ground fire"/>
			<brush name="poison field (decaying)"/>
			<brush name="energy field (decaying)"/>
			<brush name="magic wall (not decaying)"/>
			<brush name="magic wall (decaying)"/>
			<brush name="wild growth (decaying)"/>
			<brush name="yellow fire field (decaying)"/>
			<brush name="poison gas (decaying)"/>
			<brush name="yellow energy field (decaying)"/>
			<brush name="smoke field (not decaying)"/>
			<brush name="ornamented golden portal"/>
			<brush name="searing fire field (decaying)"/>
			<brush name="hovering shelf levitating"/>
		</doodad>
		<raw>
			<item fromid="1722" toid="1723"/>
			<item fromid="2118" toid="2138"/>
			<item id="2140"/>
			<item fromid="7465" toid="7473"/>
			<item fromid="7925" toid="7931"/>
			<item id="8193"/>
			<item id="9371"/>
			<item fromid="10069" toid="10071"/>
			<item fromid="10181" toid="10182"/>
			<item fromid="12370" toid="12371"/>
			<item id="14753"/>
			<item fromid="19125" toid="19127"/>
			<item id="19135"/>
			<item fromid="23467" toid="23468"/>
			<item fromid="24225" toid="24229"/>
			<item id="25748"/>
			<item id="25750"/>
			<item id="25774"/>
			<item fromid="25796" toid="25800"/>
			<item fromid="28202" toid="28203"/>
			<item id="28168"/>
			<item id="28177"/>
			<item id="28204"/>
			<item id="28207"/>
			<item id="32979"/>
			<item fromid="33004" toid="33007"/>
			<item id="34169"/>
			<item fromid="34009" toid="34013"/>
			<item id="34169"/>
		</raw>
	</tileset>
</materials>
