<materials>
	<tileset name="Nature - Stones">
		<doodad>
			<brush name="brown rocks"/>
			<brush name="bulbostones"/>
			<brush name="debris (bigger)"/>
			<brush name="debris (medium)"/>
			<brush name="debris (small)"/>
			<brush name="grey stones"/>
			<brush name="krailos rocks"/>
			<brush name="lava hole"/>
			<brush name="lava pool (small)"/>
			<brush name="magma stones"/>
			<brush name="menhir"/>
			<brush name="mossy rocks (big)"/>
			<brush name="mossy rocks (small)"/>
			<brush name="mossy stone"/>
			<brush name="mossy spots"/>
			<brush name="mossy spots (green)"/>
			<brush name="mud ball"/>
			<brush name="mud clot (giant)"/>
			<brush name="mud clot (small)"/>
			<brush name="mud lump (giant)"/>
			<brush name="mud lump (big)"/>
			<brush name="rocks (mud cave)"/>
			<brush name="rocks (mud cave with stone)"/>
			<brush name="rocks (stone cave)"/>
			<brush name="rocks (stone cave with mud)"/>
			<brush name="rubles"/>
			<brush name="rubble (brown)"/>
			<brush name="rubble (gray)"/>
			<brush name="rubble (brown rough)"/>
			<brush name="rubble (gray rough)"/>
			<brush name="sand (heap of black)"/>
			<brush name="sand pile (big)"/>
			<brush name="sand pile (small)"/>
			<brush name="sandy rock pile"/>
			<brush name="sentient stones (big)"/>
			<brush name="sentient stones (small)"/>
			<brush name="slates"/>
			<brush name="spikes"/>
			<brush name="stones"/>
			<brush name="stones (coal)"/>
			<brush name="stones (coloured)"/>
			<brush name="stones (dark jagged)"/>
			<brush name="stones (jagged unwalkable)"/>
			<brush name="stones (jagged walkable)"/>
			<brush name="stones (jagged hangable)"/>
			<brush name="stones (south)"/>
			<brush name="stones (east)"/>
			<brush name="stones pile"/>
			<brush name="stones (water)"/>
			<brush name="stone rocks (iny tiny)"/>
			<brush name="stone rocks (tiny)"/>
			<brush name="stone rocks (medium)"/>
			<brush name="stone 1 (4 SQMS)"/>
			<brush name="stone 2 (4 SQMS)"/>
			<brush name="stone 3 (4 SQMS)"/>
			<brush name="stone 4 (4 SQMS)"/>
			<brush name="stone 5 (4 SQMS)"/>
			<brush name="stone 6 (4 SQMS)"/>
			<brush name="stone 1 (2 SQMS)"/>
			<brush name="stone 2 (2 SQMS)"/>
			<brush name="stone 3 (2 SQMS)"/>
			<brush name="stone 4 (2 SQMS)"/>
			<brush name="stone 5 (2 SQMS)"/>
			<brush name="stalagmite"/>
			<brush name="veined rocks"/>
			<brush name="veined stones"/>
			<brush name="veined stones (big)"/>
			<brush name="ward stones (gray)"/>
			<brush name="ward stones (blue)"/>
			<brush name="weeping stones"/>
		</doodad>
		<raw>
			<item fromid="390" toid="392"/>
			<item id="1006"/>
			<item id="1090"/>
			<item fromid="1133" toid="1151"/>
			<item fromid="1772" toid="1780"/>
			<item fromid="1782" toid="1921"/>
			<item fromid="4434" toid="4444"/>
			<item fromid="4556" toid="4558"/>
			<item fromid="4569" toid="4583"/>
			<item fromid="4603" toid="4608"/>
			<item fromid="5618" toid="5623"/>
			<item fromid="5707" toid="5709"/>
			<item id="5747"/>
			<item fromid="5750" toid="5754"/>
			<item fromid="5866" toid="5868"/>
			<item fromid="7912" toid="7915"/>
			<item fromid="8503" toid="8506"/>
			<item fromid="15393" toid="15398"/>
			<item fromid="16387" toid="16395"/>
			<item fromid="16402" toid="16411"/>
			<item fromid="18450" toid="18452"/>
			<item fromid="16416" toid="16417"/>
			<item fromid="18621" toid="18622"/>
			<item fromid="18624" toid="18625"/>
			<item id="18629"/>
			<item fromid="19784" toid="19789"/>
			<item fromid="19808" toid="19810"/>
			<item fromid="22271" toid="22277"/>
			<item fromid="25106" toid="25123"/>
			<item fromid="25160" toid="25165"/>
			<item fromid="25236" toid="25237"/>
			<item fromid="27273" toid="27276"/>
			<item fromid="25446" toid="25465"/>
			<item fromid="29334" toid="29337"/>
			<item fromid="30428" toid="30447"/>
		</raw>
	</tileset>
</materials>
