<materials>
	<tileset name="Nature - Tiny Borders">
		<terrain>
			<brush name="cave dirt wall (tiny)"/>
			<brush name="cave stone wall (tiny)"/>
			<brush name="sea (tiny)"/>
			<brush name="stone sea (tiny)"/>
			<brush name="snow sea (tiny)"/>
			<brush name="shallow water (tiny) 1"/>
			<brush name="small brook (tiny)"/>
			<brush name="dirty water (tiny)"/>
			<brush name="white gravel (tiny)"/>
			<brush name="grass (tiny)"/>
			<brush name="thick grass (tiny)"/>
			<brush name="dark grass (tiny)"/>
			<brush name="jungle grass (tiny)"/>
			<brush name="dried grass (tiny)"/>
			<brush name="lush grass (tiny)"/>
			<brush name="lush grass hanging (tiny)"/>
			<brush name="mossy floor (tiny)"/>
			<brush name="mossy floor thick (tiny)"/>
			<brush name="forest floor (tiny)"/>
			<brush name="krailos grass (tiny)"/>
			<brush name="krailos grass thick (tiny)"/>
			<brush name="tree leaves (tiny)"/>
			<brush name="teal leaves (tiny)"/>
			<brush name="cave ground (tiny)"/>
			<brush name="cave ground thick (tiny)"/>
			<brush name="dirt (tiny)"/>
			<brush name="dark dirt (tiny)"/>
			<brush name="small lava cracks (tiny)"/>
			<brush name="cave ground lava (tiny)"/>
			<brush name="stone soil lava (tiny)"/>
			<brush name="lava (tiny)"/>
			<brush name="brown sand (tiny)"/>
			<brush name="brown sand thick (tiny)"/>
			<brush name="dirt mud (tiny)"/>
			<brush name="muddy sand (tiny)"/>
			<brush name="unknown2 (tiny)"/>
			<brush name="crystal dirt (tiny)"/>
			<brush name="krailos dirt (tiny)"/>
			<brush name="krailos dirt thick (tiny)"/>
			<brush name="sand spray (tiny)"/>
			<brush name="sand slim (tiny)"/>
			<brush name="sand thick (tiny)"/>
			<brush name="pink sand (tiny)"/>
			<brush name="dark sand (tiny)"/>
			<brush name="mud sand (tiny)"/>
			<brush name="mud sand spray (tiny)"/>
			<brush name="light dirt (tiny)"/>
			<brush name="cake tile (tiny)"/>
			<brush name="snow (tiny)"/>
			<brush name="ice (tiny)"/>
			<brush name="ice2 (tiny)"/>
			<brush name="light swampdirt (tiny)"/>
			<brush name="swamp (tiny)"/>
			<brush name="dark swamp (tiny)"/>
			<brush name="venore swamp (tiny)"/>
			<brush name="tainted soil (tiny)"/>
			<brush name="acid (tiny)"/>
			<brush name="muddy floor (tiny)"/>
			<brush name="venore muddy floor (tiny)"/>
			<brush name="unknown5 (tiny)"/>
			<brush name="unknown6 (tiny)"/>
			<brush name="hive structure (tiny)"/>
			<brush name="red hive structure (tiny)"/>
			<brush name="colourful honeycomb floor (tiny)"/>
			<brush name="bland honeycomb floor (tiny)"/>
			<brush name="rock soil (tiny)"/>
			<brush name="gravel ground (tiny)"/>
			<brush name="rock ground (tiny)"/>
			<brush name="rock ground thick (tiny)"/>
			<brush name="dark rock (tiny)"/>
			<brush name="dark rock thick (tiny)"/>
			<brush name="purple mud (tiny)"/>
			<brush name="purple mud thick (tiny)"/>
			<brush name="earth floor (tiny)"/>
			<brush name="dirt mountain (tiny)"/>
			<brush name="mysterious ground (tiny)"/>
			<brush name="mysterious ground thick (tiny)"/>
			<brush name="dark spikes (tiny)"/>
			<brush name="red spikes (tiny)"/>
			<brush name="dark scaled ground (tiny)"/>
			<brush name="slime fungus (tiny)"/>
			<brush name="rocky red floor (tiny)"/>
			<brush name="blue sea floor (tiny)"/>
			<brush name="brown sea floor (tiny)"/>
			<brush name="crystal floor (tiny)"/>
			<brush name="crystal floor floating (tiny)"/>
			<brush name="basalt floor (tiny)"/>
			<brush name="moldy floor (tiny)"/>
			<brush name="mushroom sponge (tiny)"/>
			<brush name="salt floor (tiny)"/>
			<brush name="cookie floor (tiny)"/>
			<brush name="branch floor (tiny)"/>
			<brush name="unknown4 (tiny)"/>
			<brush name="unknown7 (tiny)"/>
			<brush name="ocean floor (tiny)"/>
			<brush name="serpent seacrest ground (tiny)"/>
			<brush name="krailos orange (tiny)"/>
			<brush name="krailos yellow (tiny)"/>
			<brush name="krailos purple (tiny)"/>
			<brush name="ornamented border 1 (tiny)"/>
			<brush name="ornamented border 2 (tiny)"/>
			<brush name="reed floor (tiny)"/>
			<brush name="reed floor 2 (tiny)"/>
		</terrain>
	</tileset>
</materials>
