<materials>
	<tileset name="Nature - Plants">
		<doodad>
			<brush name="flowering cactus"/>
			<brush name="herbs"/>
			<brush name="moonshine bells"/>
			<brush name="sea plants"/>
			<brush name="swamp plants"/>
			<brush name="twilight morels"/>
			<brush name="vase plant"/>
		</doodad>
		<items>
			<item id="316"/>
			<item id="321"/>
			<item fromid="325" toid="346"/>
			<item id="649"/>
			<item fromid="2981" toid="2988"/>
			<item id="3683"/>
			<item id="3674"/>
			<item fromid="3685" toid="3697"/>
			<item fromid="3735" toid="3741"/>
			<item fromid="9069" toid="9078"/>
			<item fromid="9226" toid="9231"/>
			<item fromid="14029" toid="14038"/>
			<item fromid="17372" toid="17373"/>
			<item fromid="18446" toid="18449"/>
			<item fromid="22298" toid="22299"/>
			<item fromid="25348" toid="25349"/>
			<item fromid="25389" toid="25394"/>
			<item fromid="30422" toid="30427"/>
			<item fromid="30620" toid="30622"/>
		</items>
	</tileset>
</materials>
