<materials>
	<tileset name="Walls">
		<!-- Terrain -->
		<terrain>
			<brush name="rock wall"/>
			<brush name="brick wall"/>
			<brush name="brick wall arch"/>
			<brush name="framework wall"/>
			<brush name="damaged framework wall"/>
			<brush name="plaster wall arch"/>
			<brush name="wooden archway"/>
			<brush name="stone wall"/>
			<brush name="egypt wall"/>
			<brush name="egypt stone wall"/>
			<brush name="metal wall"/>
			<brush name="marble wall"/>
			<brush name="paravent"/>
			<brush name="lava wall"/>
			<brush name="ruin wall"/>
			<brush name="bamboo wall"/>
			<brush name="stone wall2"/>
			<brush name="grass wall"/>
			<brush name="palisade"/>
			<brush name="bone wall"/>
			<brush name="icy bones"/>
			<brush name="croft wall"/>
			<brush name="wood wall"/>
			<brush name="plant wall"/>
			<brush name="frozen wall"/>
			<brush name="fur wall"/>
			<brush name="wooden wall"/>
			<brush name="ornamented wooden wall"/>
			<brush name="low stone-wooden wall"/>
			<brush name="ornamented low stone-wooden wall"/>
			<brush name="high stone-wooden wall"/>
			<brush name="ornamented high stone-wooden wall"/>
			<brush name="alabaster wall"/>
			<brush name="stone wall3"/>
			<brush name="iron wall"/>
			<brush name="stone wall4"/>
			<brush name="limestone wall"/>
			<brush name="dark framework wall"/>
			<brush name="stone wall5"/>
			<brush name="blue palisade"/>
			<brush name="zaoan wall1"/>
			<brush name="zaoan wall2"/>
			<brush name="zaoan wall3"/>
			<brush name="zaoan wall4"/>
			<brush name="zaoan wall5"/>
			<brush name="zaoan wall6"/>
			<brush name="zaoan wall7"/>
			<brush name="zaoan wall8"/>
			<brush name="zaoan wall9"/>
			<brush name="corrupted wall1"/>
			<brush name="corrupted wall2"/>
			<brush name="stone"/>
			<brush name="short stone wall"/>
			<brush name="massive stone wall"/>
			<brush name="grass stone wall"/>
			<brush name="timber wall"/>
			<brush name="light desert wall"/>
			<brush name="dark desert wall"/>
			<brush name="rocky wall"/>
			<brush name="glass wall"/>
			<brush name="muddy stone wall"/>
			<brush name="muddy stone wall2"/>
			<brush name="brown stone wall"/>
			<brush name="red stone wall"/>
			<brush name="ornate wall"/>
			<brush name="ornate wall2"/>
			<brush name="venore wall"/>
			<brush name="venore brick wall"/>
			<brush name="roshamuul wall"/>
			<brush name="oramond wall"/>
			<brush name="oramond wall2"/>
			<brush name="oramond wall3"/>
			<brush name="monument wall"/>
			<brush name="dark stone wall"/>
			<brush name="white stone wall"/>
			<brush name="dark block wall"/>
			<brush name="cracked wall"/>
			<brush name="messy wall"/>
			<brush name="hands wall"/>
			<brush name="plant wall 3"/>
			<brush name="clean marble wall"/>
			<brush name="arch marble wall"/>
			<brush name="gray brick wall"/>
			<brush name="archwood brick wall"/>
			<brush name="dragon lair wall"/>
			<brush name="dragon lair wall (large)"/>
			<brush name="strange metal wall"/>
			<brush name="stone wall (bege)"/>
			<brush name="heavy stones wall"/>
			<brush name="stone covered with blue"/>
			<brush name="stone covered with purple"/>
			<brush name="ornamented wall"/>
			<brush name="new frozen wall"/>
		</terrain>
		<!-- Raw -->
		<raw>
			<item id="248"/>
			<item fromid="1624" toid="1627"/>
			<item fromid="1270" toid="1272"/>
			<item id="1273"/>
			<item fromid="1275" toid="1280"/>
			<item id="1283"/>
			<item id="1284"/>
			<item fromid="1286" toid="1291"/>
			<item id="1297"/>
			<item fromid="1299" toid="1304"/>
			<item id="1308"/>
			<item fromid="1310" toid="1315"/>
			<item id="1348"/>
			<item fromid="1350" toid="1355"/>
			<item id="1337"/>
			<item fromid="168" toid="1344"/>
			<item id="5008"/>
			<item id="1359"/>
			<item fromid="1361" toid="1364"/>
			<item fromid="5009" toid="5010"/>
			<item fromid="1419" toid="1420"/>
			<item id="1444"/>
			<item fromid="1446" toid="1449"/>
			<item fromid="5011" toid="5012"/>
			<item id="5518"/>
			<item fromid="1453" toid="1458"/>
			<item id="1515"/>
			<item fromid="1517" toid="1522"/>
			<item id="5263"/>
			<item fromid="5265" toid="5270"/>
			<item fromid="6142" toid="6146"/>
			<item id="6397"/>
			<item fromid="6399" toid="6404"/>
			<item id="6240"/>
			<item fromid="6242" toid="6247"/>
			<item id="6783"/>
			<item id="877"/>
			<item fromid="5068" toid="5069"/>
			<item id="6731"/>
			<item fromid="6733" toid="6738"/>
			<item id="6742"/>
			<item fromid="6744" toid="6749"/>
			<item id="6776"/>
			<item fromid="6778" toid="6779"/>
			<item id="6781"/>
			<item id="6785"/>
			<item id="6787"/>
			<item id="6842"/>
			<item fromid="920" toid="921"/>
			<item fromid="6844" toid="6849"/>
			<item id="7648"/>
			<item fromid="7650" toid="7655"/>
			<item fromid="7868" toid="7869"/>
			<item id="8204"/>
			<item fromid="8206" toid="8211"/>
			<item id="8298"/>
			<item fromid="8300" toid="8305"/>
			<item id="8457"/>
			<item fromid="8459" toid="8465"/>
			<item fromid="9262" toid="9269"/>
			<item fromid="9312" toid="9321"/>
			<item id="9335"/>
			<item fromid="9337" toid="9342"/>
			<item id="9736"/>
			<item fromid="9738" toid="9739"/>
			<item id="9743"/>
			<item fromid="9747" toid="9748"/>
			<item fromid="9751" toid="9773"/>
			<item id="10880"/>
			<item fromid="10882" toid="10887"/>
			<item id="10982"/>
			<item id="10988"/>
			<item id="10990"/>
			<item fromid="11117" toid="11123"/>
			<item id="11275"/>
			<item id="11277"/>
			<item id="11560"/>
			<item id="11569"/>
			<item id="11581"/>
			<item fromid="4140" toid="4144"/>
			<item fromid="10770" toid="10984"/>
			<item fromid="11899" toid="11901"/>
			<item fromid="11922" toid="11924"/>
			<item id="11974"/>
			<item fromid="11976" toid="11981"/>
			<item fromid="12190" toid="12199"/>
			<item id="12390"/>
			<item fromid="12392" toid="12397"/>
			<item fromid="15925" toid="15956"/>
			<item fromid="16018" toid="16049"/>
			<item fromid="11971" toid="11972"/>
			<item id="15726"/>
			<item fromid="15728" toid="15733"/>
			<item fromid="13088" toid="16041"/>
			<item id="16336"/>
			<item fromid="16338" toid="16348"/>
			<item id="16363"/>
			<item fromid="16365" toid="16366"/>
			<item fromid="16353" toid="16360"/>
			<item fromid="16369" toid="16372"/>
			<item id="17055"/>
			<item fromid="17057" toid="17062"/>
			<item id="17066"/>
			<item id="17068"/>
			<item fromid="17069" toid="17073"/>
			<item id="17077"/>
			<item fromid="17079" toid="17084"/>
			<item fromid="17088" toid="17095"/>
			<item id="17099"/>
			<item fromid="17101" toid="17108"/>
			<item fromid="17123" toid="17124"/>
			<item fromid="17126" toid="17129"/>
			<item fromid="17131" toid="17140"/>
			<item fromid="17195" toid="17200"/>
			<item id="17206"/>
			<item fromid="17210" toid="17224"/>
			<item id="17895"/>
			<item fromid="17913" toid="17916"/>
			<item fromid="19405" toid="19408"/>
			<item fromid="19411" toid="19412"/>
			<item id="19417"/>
			<item fromid="19420" toid="19421"/>
			<item fromid="19424" toid="19436"/>
			<item id="19439"/>
			<item fromid="19445" toid="19448"/>
			<item id="19452"/>
			<item id="19455"/>
			<item fromid="19494" toid="19495"/>
			<item id="19508"/>
			<item fromid="19511" toid="19513"/>
			<item id="20221"/>
			<item id="20223"/>
			<item fromid="20400" toid="20406"/>
			<item fromid="20446" toid="20451"/>
			<item fromid="20455" toid="20460"/>
			<item fromid="20476" toid="20477"/>
			<item fromid="20583" toid="20584"/>
			<item fromid="20586" toid="20595"/>
			<item id="20622"/>
			<item id="20634"/>
			<item fromid="20665" toid="20668"/>
			<item id="24926"/>
			<item id="21140"/>
			<item id="21297"/>
			<item fromid="7777" toid="7784"/>
			<item id="1274"/>
			<item fromid="1736" toid="1737"/>
			<item fromid="6439" toid="6442"/>
			<item fromid="6280" toid="6283"/>
			<item fromid="5097" toid="5114"/>
			<item fromid="5145" toid="5154"/>
			<item fromid="1734" toid="1735"/>
			<item fromid="6435" toid="6438"/>
			<item fromid="1281" toid="1283"/>
			<item id="1285"/>
			<item fromid="1292" toid="1293"/>
			<item fromid="1628" toid="1633"/>
			<item fromid="1634" toid="1637"/>
			<item fromid="7143" toid="7144"/>
			<item fromid="10478" toid="10479"/>
			<item fromid="10489" toid="10493"/>
			<item fromid="1638" toid="1649"/>
			<item fromid="5136" toid="5141"/>
			<item id="2170"/>
			<item fromid="1294" toid="1296"/>
			<item id="1298"/>
			<item fromid="2162" toid="2169"/>
			<item fromid="1738" toid="1739"/>
			<item fromid="6443" toid="6446"/>
			<item fromid="6248" toid="6265"/>
			<item fromid="6453" toid="6456"/>
			<item fromid="1305" toid="1307"/>
			<item id="1309"/>
			<item fromid="1329" toid="1333"/>
			<item fromid="2209" toid="2216"/>
			<item fromid="1345" toid="1347"/>
			<item id="1349"/>
			<item fromid="2201" toid="2208"/>
			<item fromid="1744" toid="1747"/>
			<item fromid="6461" toid="6464"/>
			<item fromid="1650" toid="1667"/>
			<item fromid="1334" toid="1336"/>
			<item id="1338"/>
			<item fromid="1356" toid="1358"/>
			<item id="1360"/>
			<item fromid="8419" toid="8420"/>
			<item id="8224"/>
			<item fromid="1365" toid="1414"/>
			<item fromid="1421" toid="1440"/>
			<item fromid="2222" toid="2233"/>
			<item fromid="5304" toid="5313"/>
			<item fromid="1740" toid="1743"/>
			<item fromid="5302" toid="5303"/>
			<item fromid="6447" toid="6448"/>
			<item fromid="8231" toid="8242"/>
			<item fromid="1668" toid="1681"/>
			<item fromid="5514" toid="5517"/>
			<item fromid="1415" toid="1420"/>
			<item fromid="2234" toid="2241"/>
			<item fromid="1441" toid="1443"/>
			<item id="1445"/>
			<item fromid="6465" toid="6468"/>
			<item fromid="5255" toid="5256"/>
			<item fromid="5399" toid="5400"/>
			<item fromid="5477" toid="5478"/>
			<item id="5519"/>
			<item fromid="1450" toid="1452"/>
			<item fromid="1459" toid="1511"/>
			<item fromid="1528" toid="1535"/>
			<item fromid="5115" toid="5135"/>
			<item fromid="5142" toid="5144"/>
			<item fromid="1512" toid="1514"/>
			<item id="1516"/>
			<item fromid="1523" toid="1527"/>
			<item fromid="1536" toid="1542"/>
			<item fromid="2291" toid="2298"/>
			<item fromid="6457" toid="6460"/>
			<item fromid="1682" toid="1699"/>
			<item fromid="2242" toid="2252"/>
			<item fromid="1622" toid="1623"/>
			<item fromid="1543" toid="1584"/>
			<item fromid="2076" toid="2079"/>
			<item fromid="1585" toid="1594"/>
			<item fromid="5253" toid="5254"/>
			<item fromid="1597" toid="1611"/>
			<item fromid="1614" toid="1621"/>
			<item fromid="5260" toid="5262"/>
			<item id="5264"/>
			<item fromid="5271" toid="5276"/>
			<item fromid="6469" toid="6472"/>
			<item fromid="5277" toid="5294"/>
			<item fromid="6132" toid="6136"/>
			<item fromid="6138" toid="6141"/>
			<item fromid="6147" toid="6151"/>
			<item fromid="6174" toid="6178"/>
			<item fromid="6449" toid="6452"/>
			<item fromid="6191" toid="6208"/>
			<item fromid="6394" toid="6396"/>
			<item id="6398"/>
			<item fromid="6405" toid="6421"/>
			<item fromid="6233" toid="6239"/>
			<item id="6241"/>
			<item fromid="6267" toid="6269"/>
			<item fromid="6288" toid="6289"/>
			<item fromid="5063" toid="5067"/>
			<item fromid="5061" toid="5062"/>
			<item fromid="6116" toid="6117"/>
			<item fromid="5070" toid="5073"/>
			<item fromid="6739" toid="6741"/>
			<item id="6743"/>
			<item fromid="7031" toid="7032"/>
			<item fromid="7051" toid="7030"/>
			<item fromid="7033" toid="7050"/>
			<item fromid="6773" toid="6775"/>
			<item id="6777"/>
			<item id="6780"/>
			<item id="6782"/>
			<item id="6784"/>
			<item id="6786"/>
			<item fromid="6788" toid="6789"/>
			<item fromid="6795" toid="6803"/>
			<item fromid="7054" toid="7057"/>
			<item fromid="6790" toid="6792"/>
			<item fromid="6968" toid="6969"/>
			<item fromid="6839" toid="6841"/>
			<item id="6843"/>
			<item fromid="6850" toid="6867"/>
			<item fromid="6882" toid="6885"/>
			<item fromid="7027" toid="7026"/>
			<item fromid="6891" toid="6908"/>
			<item fromid="776" toid="778"/>
			<item fromid="7645" toid="7647"/>
			<item id="7649"/>
			<item fromid="7656" toid="7695"/>
			<item fromid="7711" toid="7728"/>
			<item fromid="7704" toid="7707"/>
			<item fromid="8201" toid="8203"/>
			<item id="8205"/>
			<item fromid="8212" toid="8216"/>
			<item fromid="8219" toid="8223"/>
			<item fromid="8226" toid="8227"/>
			<item fromid="8243" toid="8266"/>
			<item fromid="22502" toid="22509"/>
			<item fromid="8267" toid="8274"/>
			<item fromid="8370" toid="8387"/>
			<item fromid="8291" toid="8297"/>
			<item id="8299"/>
			<item fromid="8306" toid="8307"/>
			<item fromid="8333" toid="8346"/>
			<item fromid="8347" toid="8369"/>
			<item fromid="8391" toid="8414"/>
			<item fromid="8421" toid="8424"/>
			<item fromid="8437" toid="8452"/>
			<item fromid="8454" toid="8456"/>
			<item id="8458"/>
			<item fromid="8465" toid="8483"/>
			<item fromid="8489" toid="8498"/>
			<item id="8507"/>
			<item fromid="8607" toid="8614"/>
			<item fromid="8616" toid="8617"/>
			<item fromid="8691" toid="8694"/>
			<item fromid="8723" toid="8736"/>
			<item id="8765"/>
			<item fromid="8799" toid="8810"/>
			<item fromid="8933" toid="8952"/>
			<item fromid="9259" toid="9261"/>
			<item id="9263"/>
			<item fromid="9280" toid="9289"/>
			<item fromid="9293" toid="9300"/>
			<item id="9592"/>
			<item fromid="9270" toid="9279"/>
			<item fromid="9456" toid="9460"/>
			<item fromid="9551" toid="9574"/>
			<item id="9624"/>
			<item fromid="9309" toid="9311"/>
			<item id="9313"/>
			<item fromid="9322" toid="9331"/>
			<item fromid="9345" toid="9368"/>
			<item fromid="9332" toid="9344"/>
			<item fromid="9369" toid="9370"/>
			<item id="9735"/>
			<item fromid="10284" toid="10285"/>
			<item fromid="9733" toid="9734"/>
			<item id="9737"/>
			<item id="9740"/>
			<item id="9742"/>
			<item id="9741"/>
			<item id="9744"/>
			<item id="9746"/>
			<item id="9750"/>
			<item id="9745"/>
			<item id="9749"/>
			<item fromid="9858" toid="9860"/>
			<item fromid="9863" toid="9869"/>
			<item fromid="9872" toid="9875"/>
			<item id="9893"/>
			<item id="9901"/>
			<item fromid="9897" toid="9898"/>
			<item id="9895"/>
			<item fromid="9903" toid="9904"/>
			<item id="9902"/>
			<item fromid="9905" toid="9910"/>
			<item fromid="9913" toid="9928"/>
			<item fromid="10147" toid="10158"/>
			<item fromid="10877" toid="10879"/>
			<item id="10881"/>
			<item fromid="10888" toid="10899"/>
			<item fromid="10952" toid="10953"/>
			<item fromid="10955" toid="10958"/>
			<item fromid="11136" toid="11149"/>
			<item fromid="11202" toid="11208"/>
			<item fromid="11342" toid="11343"/>
			<item fromid="10993" toid="10996"/>
			<item fromid="10981" toid="10985"/>
			<item fromid="11003" toid="11005"/>
			<item id="10992"/>
			<item fromid="11272" toid="11276"/>
			<item id="10987"/>
			<item fromid="11232" toid="11234"/>
			<item fromid="11237" toid="11243"/>
			<item fromid="11246" toid="11249"/>
			<item fromid="11555" toid="11557"/>
			<item fromid="11563" toid="11565"/>
			<item id="11578"/>
			<item id="11558"/>
			<item fromid="11561" toid="11562"/>
			<item fromid="11566" toid="11567"/>
			<item id="11559"/>
			<item id="11568"/>
			<item fromid="11579" toid="11580"/>
			<item id="11570"/>
			<item id="11573"/>
			<item fromid="11575" toid="11576"/>
			<item id="11574"/>
			<item id="11577"/>
			<item fromid="11976" toid="11973"/>
			<item id="11975"/>
			<item fromid="11984" toid="11991"/>
			<item fromid="15876" toid="15887"/>
			<item fromid="15679" toid="15688"/>
			<item id="10589"/>
			<item id="10591"/>
			<item id="10588"/>
			<item id="10590"/>
			<item id="11310"/>
			<item fromid="11768" toid="11769"/>
			<item fromid="11829" toid="11830"/>
			<item id="11209"/>
			<item id="11330"/>
			<item id="11332"/>
			<item id="11346"/>
			<item id="11335"/>
			<item id="11705"/>
			<item id="11708"/>
			<item id="11714"/>
			<item id="11716"/>
			<item fromid="12033" toid="12036"/>
			<item id="11009"/>
			<item id="11015"/>
			<item id="11006"/>
			<item id="11014"/>
			<item id="11068"/>
			<item id="11157"/>
			<item fromid="11049" toid="11067"/>
			<item id="11363"/>
			<item id="11706"/>
			<item id="11704"/>
			<item id="11710"/>
			<item fromid="17874" toid="17880"/>
			<item fromid="11859" toid="11860"/>
			<item id="12156"/>
			<item id="11898"/>
			<item fromid="11870" toid="11882"/>
			<item fromid="11893" toid="11896"/>
			<item fromid="11951" toid="11956"/>
			<item fromid="11902" toid="11903"/>
			<item id="12157"/>
			<item id="11921"/>
			<item fromid="11904" toid="11920"/>
			<item fromid="11957" toid="11958"/>
			<item fromid="12387" toid="12389"/>
			<item id="12391"/>
			<item fromid="12398" toid="12403"/>
			<item fromid="12406" toid="12411"/>
			<item id="12426"/>
			<item fromid="12428" toid="12430"/>
			<item fromid="12485" toid="12490"/>
			<item id="12484"/>
			<item id="12417"/>
			<item id="12422"/>
			<item id="12427"/>
			<item id="12873"/>
			<item id="12867"/>
			<item id="12869"/>
			<item id="12871"/>
			<item fromid="12861" toid="12865"/>
			<item id="12868"/>
			<item id="12866"/>
			<item id="12883"/>
			<item id="12880"/>
			<item id="12882"/>
			<item id="12884"/>
			<item id="12881"/>
			<item id="12885"/>
			<item fromid="12908" toid="12912"/>
			<item fromid="12963" toid="12995"/>
			<item fromid="13203" toid="13214"/>
			<item fromid="13273" toid="13294"/>
			<item fromid="13341" toid="13342"/>
			<item id="13083"/>
			<item id="13094"/>
			<item id="13093"/>
			<item fromid="13109" toid="13110"/>
			<item fromid="13112" toid="13114"/>
			<item fromid="13085" toid="13086"/>
			<item id="13090"/>
			<item id="13096"/>
			<item id="13111"/>
			<item id="13115"/>
			<item fromid="13117" toid="13118"/>
			<item id="13120"/>
			<item id="13089"/>
			<item id="13091"/>
			<item fromid="13100" toid="13103"/>
			<item fromid="13098" toid="13099"/>
			<item id="13119"/>
			<item fromid="13107" toid="13108"/>
			<item id="13121"/>
			<item fromid="13123" toid="13134"/>
			<item fromid="13921" toid="13935"/>
			<item id="13147"/>
			<item id="13140"/>
			<item fromid="13135" toid="13137"/>
			<item fromid="13142" toid="13143"/>
			<item fromid="15890" toid="15893"/>
			<item fromid="13776" toid="13786"/>
			<item fromid="14158" toid="14161"/>
			<item fromid="15941" toid="15956"/>
			<item fromid="15995" toid="16017"/>
			<item fromid="16050" toid="16061"/>
			<item fromid="15079" toid="15084"/>
			<item fromid="15221" toid="15266"/>
			<item fromid="15269" toid="15272"/>
			<item fromid="15356" toid="15392"/>
			<item fromid="15420" toid="15453"/>
			<item fromid="15719" toid="15725"/>
			<item id="15727"/>
			<item fromid="15734" toid="15751"/>
			<item fromid="16333" toid="16335"/>
			<item id="16337"/>
			<item id="16344"/>
			<ite fromid="16346" toid="16347"/>
			<item id="16349"/>
			<item fromid="16373" toid="16374"/>
			<item fromid="16361" toid="16362"/>
			<item fromid="16350" toid="16352"/>
			<item id="16354"/>
			<item fromid="16367" toid="16368"/>
			<item id="16352"/>
			<item fromid="16375" toid="16376"/>
			<item fromid="16869" toid="16871"/>
			<item fromid="18917" toid="18923"/>
			<item id="1038"/>
			<item fromid="1040" toid="1046"/>
			<item fromid="7630" toid="7641"/>
			<item fromid="13609" toid="13643"/>
			<item fromid="16793" toid="16860"/>
			<item fromid="18383" toid="18398"/>
			<item id="18406"/>
			<item fromid="18762" toid="18795"/>
			<item fromid="18998" toid="19031"/>
			<item fromid="19380" toid="19385"/>
			<item fromid="18027" toid="18028"/>
			<item fromid="20367" toid="20372"/>
			<item fromid="21520" toid="21553"/>
			<item fromid="17052" toid="17054"/>
			<item id="17056"/>
			<item fromid="17063" toid="17065"/>
			<item id="17067"/>
			<item fromid="17074" toid="17076"/>
			<item id="17078"/>
			<item fromid="17085" toid="17087"/>
			<item id="17089"/>
			<item fromid="17096" toid="17098"/>
			<item id="17134"/>
			<item id="17125"/>
			<item id="17130"/>
			<item id="17100"/>
			<item fromid="17115" toid="17122"/>
			<item fromid="17141" toid="17149"/>
			<item fromid="17154" toid="17162"/>
			<item fromid="17167" toid="17170"/>
			<item fromid="17163" toid="17166"/>
			<item fromid="17694" toid="17695"/>
			<item fromid="17900" toid="17905"/>
			<item fromid="17171" toid="17182"/>
			<item fromid="17888" toid="17892"/>
			<item id="17896"/>
			<item id="17899"/>
			<item fromid="17910" toid="17912"/>
			<item fromid="17323" toid="17329"/>
			<item fromid="17618" toid="17621"/>
			<item fromid="17868" toid="17869"/>
			<item fromid="17860" toid="17861"/>
			<item fromid="17884" toid="17887"/>
			<item fromid="17560" toid="17577"/>
			<item fromid="17993" toid="18012"/>
			<item fromid="17183" toid="17194"/>
			<item fromid="17893" toid="17894"/>
			<item fromid="17696" toid="17699"/>
			<item id="17201"/>
			<item id="17205"/>
			<item id="17203"/>
			<item id="17207"/>
			<item id="17202"/>
			<item id="17209"/>
			<item id="17204"/>
			<item id="17208"/>
			<item id="17215"/>
			<item id="17217"/>
			<item id="17098"/>
			<item fromid="17528" toid="17531"/>
			<item fromid="17700" toid="17717"/>
			<item fromid="18358" toid="18365"/>
			<item id="19453"/>
			<item fromid="19456" toid="19457"/>
			<item id="19454"/>
			<item fromid="19450" toid="19451"/>
			<item fromid="19496" toid="19497"/>
			<item id="19449"/>
			<item fromid="19461" toid="19462"/>
			<item fromid="19465" toid="19470"/>
			<item fromid="19458" toid="19460"/>
			<item id="19498"/>
			<item id="19413"/>
			<item id="19415"/>
			<item id="19414"/>
			<item id="19416"/>
			<item id="19423"/>
			<item id="19422"/>
			<item id="19418"/>
			<item id="19419"/>
			<item fromid="19430" toid="19435"/>
			<item id="19427"/>
			<item fromid="19440" toid="19444"/>
			<item fromid="19428" toid="19429"/>
			<item id="19426"/>
			<item id="19499"/>
			<item id="19501"/>
			<item id="19500"/>
			<item id="19502"/>
			<item id="19507"/>
			<item id="19509"/>
			<item id="19504"/>
			<item id="19505"/>
			<item id="19510"/>
			<item id="19506"/>
			<item id="19503"/>
			<item fromid="19517" toid="19518"/>
			<item fromid="19437" toid="19438"/>
			<item fromid="19463" toid="19464"/>
			<item fromid="19519" toid="19520"/>
			<item fromid="19521" toid="19526"/>
			<item fromid="19545" toid="19549"/>
			<item fromid="19514" toid="19516"/>
			<item fromid="19527" toid="19540"/>
			<item id="19790"/>
			<item fromid="19541" toid="19544"/>
			<item fromid="19592" toid="19599"/>
			<item fromid="20217" toid="20220"/>
			<item fromid="20226" toid="20227"/>
			<item fromid="20257" toid="20258"/>
			<item id="20222"/>
			<item fromid="20247" toid="20249"/>
			<item fromid="20392" toid="20399"/>
			<item fromid="20407" toid="20422"/>
			<item fromid="20424" toid="20445"/>
			<item fromid="20452" toid="20454"/>
			<item fromid="20461" toid="20468"/>
			<item fromid="20478" toid="20487"/>
			<item fromid="20596" toid="20621"/>
			<item id="20641"/>
			<item fromid="20662" toid="20664"/>
			<item fromid="20747" toid="20748"/>
			<item fromid="20905" toid="20907"/>
			<item fromid="20921" toid="20922"/>
			<item id="20929"/>
			<item id="20749"/>
			<item id="20941"/>
			<item id="20943"/>
			<item id="20945"/>
			<item id="20947"/>
			<item fromid="20570" toid="20582"/>
			<item id="20623"/>
			<item id="20585"/>
			<item fromid="20629" toid="20633"/>
			<item fromid="20931" toid="20936"/>
			<item fromid="20949" toid="20952"/>
			<item fromid="21222" toid="21260"/>
			<item fromid="21265" toid="21289"/>
			<item fromid="22544" toid="22549"/>
			<item fromid="22555" toid="22564"/>
			<item fromid="22579" toid="22584"/>
			<item fromid="22567" toid="22570"/>
			<item fromid="22627" toid="22640"/>
			<item fromid="23817" toid="23856"/>
			<item fromid="23865" toid="23878"/>
			<item fromid="23981" toid="23984"/>
			<item fromid="24150" toid="24192"/>
			<item fromid="24993" toid="25010"/>
			<item id="25105"/>
			<item fromid="25124" toid="25129"/>
			<item id="25142"/>
			<item fromid="25166" toid="25173"/>
			<item fromid="25440" toid="25443"/>
			<item fromid="25574" toid="25576"/>
			<item fromid="25580" toid="25582"/>
			<item fromid="25586" toid="25589"/>
			<item id="25625"/>
			<item id="25627"/>
			<item id="25629"/>
			<item id="25630"/>
			<item fromid="25752" toid="25754"/>
			<item fromid="28889" toid="28891"/>
			<item fromid="28338" toid="28355"/>
			<item fromid="28501" toid="28507"/>
			<item fromid="28193" toid="28198"/>
			<item fromid="28364" toid="28394"/>
			<item fromid="28395" toid="28407"/>
			<item fromid="28419" toid="28424"/>
			<item fromid="28429" toid="28430"/>
			<item fromid="28519" toid="28520"/>
			<item fromid="28364" toid="28366"/>
			<item id="29251"/>
			<item fromid="29253" toid="29273"/>
			<item fromid="29088" toid="29107"/>
			<item fromid="29116" toid="29135"/>
			<item fromid="29144" toid="29177"/>
			<item fromid="29323" toid="29331"/>
			<item fromid="29975" toid="29978"/>
			<item id="29987"/>
			<item id="30002"/>
			<item fromid="30027" toid="30031"/>
			<item fromid="30033" toid="30052"/>
			<item id="30057"/>
			<item fromid="28658" toid="28659"/>
			<item fromid="28885" toid="28886"/>
			<item fromid="30736" toid="30755"/>
			<item fromid="30764" toid="30878"/>
			<item fromid="30992" toid="31037"/>
			<item fromid="31140" toid="31149"/>
			<item fromid="31341" toid="31348"/>
			<item fromid="31494" toid="31499"/>
			<item fromid="31568" toid="31571"/>
			<item fromid="31663" toid="31666"/>
			<item fromid="31909" toid="31910"/>
			<item fromid="34211" toid="34216"/>
			<item fromid="33089" toid="33092"/>
			<item fromid="33097" toid="33140"/>
			<item fromid="33154" toid="33173"/>
			<item fromid="33183" toid="33202"/>
			<item fromid="33212" toid="33231"/>
			<item fromid="33241" toid="33254"/>
			<item fromid="33284" toid="33295"/>
			<item fromid="33578" toid="33586"/>
			<item fromid="33586" toid="33587"/>
			<item fromid="33590" toid="33607"/>
			<item fromid="33611" toid="33651"/>
			<item fromid="33788" toid="33789"/>
			<item id="33850"/>
			<item fromid="33910" toid="33911"/>
			<item fromid="32826" toid="32858"/>
			<item fromid="32886" toid="32889"/>
			<item id="33054"/>
			<item id="33056"/>
			<item fromid="33335" toid="33354"/>
			<item id="33985"/>
			<item fromid="34221" toid="34224"/>
			<!-- Otherworld -->
			<item fromid="32199" toid="32224"/>
			<item fromid="32229" toid="32262"/>
			<item fromid="32340" toid="32344"/>
			<item fromid="32351" toid="32410"/>
			<item fromid="32419" toid="32472"/>
			<item fromid="32638" toid="32658"/>
			<item fromid="32688" toid="32693"/>
			<item id="32697"/>
			<item fromid="32712" toid="32723"/>
			<item fromid="33265" toid="33274"/>
			<!-- Otherworld -->
			<item fromid="33280" toid="33283"/>
			<!-- Otherworld -->
			<item fromid="33335" toid="33336"/>
			<!-- Otherworld -->
			<item fromid="33652" toid="33653"/>
			<!-- Otherworld -->
			<item id="33071"/>
			<item fromid="33059" toid="33070"/>
			<item id="32898"/>
			<item id="32906"/>
		</raw>
	</tileset>
</materials>
