<materials>
	<tileset name="Weapons - Sword">
		<items>
			<item fromid="779" toid="783"/>
			<item fromid="794" toid="798"/>
			<item fromid="660" toid="664"/>
			<item fromid="679" toid="683"/>
			<item fromid="3264" toid="3265"/>
			<item id="3267"/>
			<item fromid="3271" toid="3273"/>
			<item id="3278"/>
			<item fromid="3280" toid="3281"/>
			<item fromid="3283" toid="3285"/>
			<item id="3288"/>
			<item fromid="3290" toid="3297"/>
			<item fromid="3299" toid="3301"/>
			<item fromid="3306" toid="3308"/>
			<item id="3330"/>
			<item id="3326"/>
			<item id="3334"/>
			<item fromid="3338" toid="3339"/>
			<item id="6527"/>
			<item fromid="7382" toid="7386"/>
			<item fromid="7390" toid="7391"/>
			<item fromid="7402" toid="7408"/>
			<item fromid="7416" toid="7420"/>
			<item id="7449"/>
			<item id="896"/>
			<item id="860"/>
			<item id="5908"/>
			<item id="3237"/>
			<item id="3238"/>
			<item id="7774"/>
			<item fromid="8102" toid="8104"/>
			<item id="3345"/>
			<item fromid="10389" toid="10390"/>
			<item id="10392"/>
			<item id="168"/>
			<item id="6101"/>
			<item id="11657"/>
			<item id="11693"/>
			<item id="12673"/>
			<item id="12731"/>
			<item id="16160"/>
			<item id="16175"/>
			<item id="17109"/>
			<item id="17812"/>
			<item fromid="20064" toid="20069"/>
			<item id="20341"/>
			<item id="21177"/>
			<item id="21179"/>
			<item id="22760"/>
			<item fromid="22764" toid="22766"/>
			<item id="27651"/>
			<item id="28723"/>
			<item fromid="28825" toid="28826"/>
			<item id="29421"/>
			<item id="29422"/>
			<item id="30398"/>
			<item id="31614"/>
			<item id="34155"/>
			<item id="34082"/>
			<item id="34083"/>
			<item id="34331"/>
		</items>
	</tileset>
</materials>
